Timestamp,Amplitude,Frequency,Phase,Country,Lat,Lon
2023-01-01 00:00:00.000000000,3.032799856703345,16.69605039278477,5.0433478094286865,Unknown,-62.19837632273431,46.67717528945903
2023-01-01 21:53:41.052631578,1.7502771418589973,10.35788925411805,5.654960385844366,Unknown,-89.68116134832593,-29.85869692965835
2023-01-02 19:47:22.105263157,6.169618722842328,16.477453018397284,1.3989947624206878,Unknown,-23.13839343902336,-116.04963966104572
2023-01-03 17:41:03.157894736,1.7637734520771375,12.471813805262375,3.3667403741348156,Unknown,-2.3179726329441195,-89.10103254114756
2023-01-04 15:34:44.210526315,8.914190271986914,19.426110510399244,1.3610117694311559,br,-13.289658577024923,-53.1655827925225
2023-01-05 13:28:25.263157894,7.1707899156978705,3.908235605612866,0.5978330097977261,Unknown,-61.746023700647,-42.53288668074913
2023-01-06 11:22:06.315789473,3.280127020965535,18.605158400926857,5.3100678875757845,my,2.8195470589907927,104.1920021665191
2023-01-07 09:15:47.368421052,9.598052838618335,6.1486806059295995,2.343620992161287,Unknown,84.47481476157063,38.74506270916254
2023-01-08 07:09:28.421052631,0.31754749269380933,14.036414651838129,0.40645729614927634,ca,51.7299806500468,-103.83437977382796
2023-01-09 05:03:09.473684210,0.8887918339326042,1.3876068185434756,3.3621747502007095,Unknown,-31.403350271137725,86.96800759113927
2023-01-10 02:56:50.526315789,0.5796424838945189,1.8766948132135948,2.0368862930010048,Unknown,-73.853769717637,-37.46371259722633
2023-01-11 00:50:31.578947368,9.913067812776507,9.084076731576173,3.2551929602104157,ru,72.0803263584269,113.9839708777385
2023-01-11 22:44:12.631578947,7.445769231398024,8.974488245410253,1.8074996868872177,br,-4.027985613373005,-40.371370289206
2023-01-12 20:37:53.684210526,8.976559255143014,13.875116799192487,3.377767972974474,Unknown,-61.63019880098119,13.48284427823819
2023-01-13 18:31:34.736842105,3.7594475423212765,19.881100655349144,0.42867587277099145,ru,68.55062516032672,48.76556280579135
2023-01-14 16:25:15.789473684,7.961111524315407,10.01013230807215,4.565327147251121,ca,54.96149059374093,-59.15769229571721
2023-01-15 14:18:56.842105263,4.4773522347587145,12.943720671073608,0.9200008959555585,Unknown,-3.1732753827619007,-142.31506212432492
2023-01-16 12:12:37.894736842,3.667652710713681,14.382315593197767,4.402692221886394,Unknown,-32.79311598649166,-87.56148024811988
2023-01-17 10:06:18.947368421,4.589589983453116,7.508733143869286,1.7530975976305267,Unknown,-63.18022675240219,69.1755640103512
2023-01-18 08:00:00.000000000,4.016643931312791,17.536623644878237,1.6354404935185605,Unknown,46.430242169917506,-160.04905260916354
2023-01-19 05:53:41.052631579,9.728513849664557,7.088435880417127,1.5032188188672504,Unknown,87.44086177631542,-112.19380253212537
2023-01-20 03:47:22.105263158,7.255568248262649,7.949951905967948,2.2526924758208833,Unknown,-58.89605307401979,-128.8923566846138
2023-01-21 01:41:03.157894737,3.198294203851155,19.72947185445802,6.213176470386833,cn,30.84288900672047,105.43724416840348
2023-01-21 23:34:44.210526316,1.098307508868854,15.085287467988845,5.428427345214963,id,-0.1225603746211874,118.61303330925358
2023-01-22 21:28:25.263157895,2.985823670296824,9.716520520901309,5.596631939369693,ne,21.071126081526586,10.826143432372305
2023-01-23 19:22:06.315789473,9.165170585020777,9.297235853330971,2.3266002167354483,Unknown,-48.49982210149724,132.06589871583776
2023-01-24 17:15:47.368421052,7.840826380936196,11.25595745374446,4.023971373700023,in,26.061138576412233,82.86384324429952
2023-01-25 15:09:28.421052631,0.5696873690929432,14.842114357348706,1.4518690446257292,Unknown,-7.889082980181783,56.58597225147082
2023-01-26 13:03:09.473684210,3.940031575501757,1.793558637368357,4.069984590442921,Unknown,78.54510083785982,74.3903344381225
2023-01-27 10:56:50.526315789,2.7847291213211616,13.146715946726653,6.207534895464875,Unknown,-86.04928864420071,-153.36973261534294
2023-01-28 08:50:31.578947368,0.8274212508849252,7.990330000035961,3.3452541396366304,Unknown,-77.91969964793152,-179.28269090665134
2023-01-29 06:44:12.631578947,3.908339026253059,11.980732221541613,5.3351900575250495,Unknown,69.3608118506504,11.07226459837824
2023-01-30 04:37:53.684210526,0.6258370341126065,4.778595484073424,5.835158107067036,Unknown,-47.20208100367431,-45.7870338685791
2023-01-31 02:31:34.736842105,3.2680394454433417,13.093656324682705,0.8482004553869962,Unknown,-25.984744567280856,-45.62134650258642
2023-02-01 00:25:15.789473684,8.409206209420736,5.804918938763928,5.714959536938092,Unknown,78.86646554830685,-121.03442179211291
2023-02-01 22:18:56.842105263,6.109432183203465,13.75518745091986,0.735658364907068,Unknown,0.3913915609220453,-35.261233471578805
2023-02-02 20:12:37.894736842,9.564844090369947,18.012842123499723,1.6283267345826604,Unknown,45.49806251562896,-29.910867968388743
2023-02-03 18:06:18.947368421,6.805145702222903,16.36600346563438,1.3803125977606856,Unknown,-58.359515256912125,122.2551035614764
2023-02-04 16:00:00.000000000,4.204050879210473,8.295464585407558,4.233370804164079,Unknown,-56.746579603293235,-50.23664175678701
2023-02-05 13:53:41.052631579,8.566189530560038,1.6414689151690127,0.7074359804173544,Unknown,-21.169002334642713,-71.87603977023252
2023-02-06 11:47:22.105263158,5.915068240863459,8.805652057513148,0.7701685913598584,Unknown,-7.37212435310451,-13.900633359801702
2023-02-07 09:41:03.157894737,0.13123511729397244,15.002911620646312,4.5879564579760626,Unknown,-61.590168812548555,-24.301816767627344
2023-02-08 07:34:44.210526316,5.45111913758354,2.509552414269297,5.55644301208237,Unknown,-38.326120074876364,-2.2898808136011155
2023-02-09 05:28:25.263157895,3.580333496668046,11.41988058290881,0.29387135321003244,Unknown,-37.09553777824974,53.56519776666988
2023-02-10 03:22:06.315789474,4.681227760927508,15.971853698124036,5.848635382931596,Unknown,-22.759119790010715,-108.43345579816403
2023-02-11 01:15:47.368421053,1.4813008596004216,17.87136534832331,3.95204221873181,Unknown,39.98304410263995,-137.99411078895983
2023-02-11 23:09:28.421052632,4.340804843582009,1.075880751715895,1.2772241821410737,Unknown,-49.56286514792135,127.76010470886672
2023-02-12 21:03:09.473684211,7.572227941518006,2.6470690198449267,4.418504048001221,Unknown,31.14672442863855,-72.86296389335716
2023-02-13 18:56:50.526315790,2.936132275726108,2.0710727732296688,5.980006565906009,Unknown,-81.20227528377484,-149.2315026411425
2023-02-14 16:50:31.578947368,5.672852278244405,17.313084319625887,3.9134392804714855,Unknown,-44.618495289794176,4.4208992116479635
2023-02-15 14:44:12.631578947,8.7596144521685,16.590945087837444,2.6372707037840355,Unknown,-70.1992863337635,5.22521554452743
2023-02-16 12:37:53.684210526,0.12052502697262421,5.9792823644185225,1.4372107562250507,Unknown,-76.92945537356543,90.96074055242559
2023-02-17 10:31:34.736842105,2.8944678302454516,1.8916395437890734,0.13428130047230002,Unknown,-52.07101959520752,171.33435527723623
2023-02-18 08:25:15.789473684,5.8522568595761175,11.667115924697697,2.9988601448547003,Unknown,16.26329414772414,67.33475015502614
2023-02-19 06:18:56.842105263,3.873256079970369,14.610289916760108,6.21378411909663,Unknown,-62.149921726083534,47.77553358124979
2023-02-20 04:12:37.894736842,2.770386794556466,14.19688676979979,4.316157317944163,gl,63.107426141091565,-50.66463602073074
2023-02-21 02:06:18.947368421,9.012125086817742,19.480608481176315,3.7007882987124114,Unknown,35.78761892961104,157.41327128252965
2023-02-22 00:00:00.000000000,3.2116818750847886,9.760196591417746,5.676362168037723,Unknown,5.717202981421792,-12.805558776954342
2023-02-22 21:53:41.052631579,5.6875603601024665,12.228592857879516,1.2480569793638931,Unknown,54.52636972155244,148.07532957741466
2023-02-23 19:47:22.105263158,8.277671951871348,14.38137460366004,6.020515033173696,Unknown,-35.2368407339044,-1.0194019319494032
2023-02-24 17:41:03.157894737,4.06742636674076,7.532846271262312,2.7448308718913097,ca,55.80006959063718,-83.94325018227734
2023-02-25 15:34:44.210526316,2.2829793661774604,3.090456895656868,6.08870296338368,Unknown,-18.5178952563257,-120.43870092963493
2023-02-26 13:28:25.263157895,2.4409963864829125,3.533105850629223,5.544834342532327,Unknown,-5.7153029160694615,-149.52587159562762
2023-02-27 11:22:06.315789474,2.866415465813943,5.36974906718594,3.8419877557341375,mx,28.868996619331156,-110.23712313177015
2023-02-28 09:15:47.368421053,2.119467045484366,16.924981787419547,1.5798512984407354,in,25.98171207976698,94.26658780102946
2023-03-01 07:09:28.421052632,8.690098615062318,17.91463938809433,2.2657114567239995,ca,58.36815077768469,-76.29325156577838
2023-03-02 05:03:09.473684211,2.949963378603441,14.135952173563807,3.4022677765357416,Unknown,50.85768678734979,174.69743684032818
2023-03-03 02:56:50.526315790,6.784252013828273,4.7948300908154415,3.029772334707227,Unknown,-46.74119240222662,12.947232748291043
2023-03-04 00:50:31.578947369,6.231362907920068,1.3763290487485063,1.931885235375355,Unknown,84.60465853798237,107.30503226469716
2023-03-04 22:44:12.631578948,3.9214374487975214,18.850352240259788,5.959258834479767,ug,3.743640368119273,31.166540043424362
2023-03-05 20:37:53.684210527,2.7506571943709637,3.0050646924335034,5.65022948792032,Unknown,14.245127291934068,-157.09204456596348
2023-03-06 18:31:34.736842106,7.936530655675092,14.845589030259148,3.704456001199498,ru,51.16636158192384,105.8602086148058
2023-03-07 16:25:15.789473685,9.838309725701905,6.65244793622587,5.2421507469758595,is,65.39592651271838,-20.237691580040746
2023-03-08 14:18:56.842105264,9.55955572434225,14.694793804235514,4.483542572050312,Unknown,-59.35873511218232,108.77249309416771
2023-03-09 12:12:37.894736843,8.932803635686025,6.023641357824324,0.07132961533516434,Unknown,-40.63186908735658,-128.89108941874954
2023-03-10 10:06:18.947368421,6.617456560752001,9.177161072532073,1.7706182892380207,cn,32.846749247980355,91.80557567374353
2023-03-11 08:00:00.000000000,8.701807881708149,5.1976287105828565,2.5543185792050074,ca,70.88520721292164,-105.96211332171946
2023-03-12 05:53:41.052631579,4.314595750805214,10.949233964274184,3.293400008856225,Unknown,-84.34669525508268,152.9053816462341
2023-03-13 03:47:22.105263158,1.3134035076227006,5.966725364245401,5.167220718084457,gl,67.96283183141949,-50.260845908132694
2023-03-14 01:41:03.157894737,4.205551204325254,12.421873565225905,4.087681787178948,Unknown,-46.808400281383115,71.78122599354839
2023-03-14 23:34:44.210526316,8.636417284347248,8.688028321351759,2.0033020890437045,Unknown,-52.224450478962574,43.87873123286303
2023-03-15 21:28:25.263157895,4.6966377325063124,11.227157744194601,2.586734284312167,Unknown,-24.049449881623275,-139.73688256044773
2023-03-16 19:22:06.315789474,3.5412610949852708,19.441422690924213,2.9186681703433845,cn,40.52452443991052,88.47479816600963
2023-03-17 17:15:47.368421053,8.377576522797828,12.80878910982415,5.795076214350547,ru,70.63558861901615,150.50627426880425
2023-03-18 15:09:28.421052632,0.9819368273080799,11.45115036214275,3.271494365206054,Unknown,82.90065273910778,61.07858450820612
2023-03-19 13:03:09.473684211,2.4105689241316215,7.829919858464567,3.7445706641456793,us,42.424084072834546,-107.50031833524302
2023-03-20 10:56:50.526315790,2.2310865183390693,14.649997113234946,0.05200990080243776,Unknown,17.727208001129583,-33.169834139321125
2023-03-21 08:50:31.578947369,8.322831574625699,7.359727155633722,1.4687031557736598,Unknown,-38.640000509855,99.6953812249863
2023-03-22 06:44:12.631578948,2.186309594182471,5.989961802602268,3.4470830276272864,ve,9.259576805055588,-67.41821697488508
2023-03-23 04:37:53.684210527,2.457118864538596,15.69576362462186,1.106197677025251,Unknown,-65.36877183138647,64.62325160514217
2023-03-24 02:31:34.736842106,3.9972984887466314,15.302037858866258,1.7122946322374033,Unknown,-72.25571960534923,-29.1944799572548
2023-03-25 00:25:15.789473685,4.598303072895268,2.9455584034920435,3.411478262331405,no,59.47721071022153,7.5219690695973895
2023-03-25 22:18:56.842105264,1.5617112740187482,1.3124987068451865,2.809334727243423,Unknown,48.33500432707052,-157.3892594803464
2023-03-26 20:12:37.894736843,4.133287567264638,6.706285732941189,0.9278832518791137,Unknown,30.95648020641346,-66.14038359405951
2023-03-27 18:06:18.947368422,9.345383100283835,15.95700093579781,2.2083589054090544,au,-14.606875914006793,127.35879162061906
2023-03-28 16:00:00.000000001,4.56771653522633,13.993567610359042,3.8042291666118793,ru,56.60315900235739,124.7125690482772
2023-03-29 13:53:41.052631580,0.21837378072310537,14.969436517238767,0.89192958214638,Unknown,-86.1814302046696,-65.93184966641638
2023-03-30 11:47:22.105263158,4.7359712380957575,4.6279879261359245,1.0073466009129608,id,-0.4032133369634323,115.65828848280921
2023-03-31 09:41:03.157894737,7.114519906835548,10.239089409624619,4.901507938522201,Unknown,-17.509279190744635,51.89371890760751
2023-04-01 07:34:44.210526316,3.900048335124229,9.620316470292597,5.522109265123745,mx,27.192258894757316,-100.5071671121887
2023-04-02 05:28:25.263157895,2.150895130726812,10.634913998141643,6.010492107294819,Unknown,50.31468906874858,176.12861336410936
2023-04-03 03:22:06.315789474,8.158374847327696,17.460421220296144,0.7839467791268814,ar,-22.524320528490207,-65.77736727691016
2023-04-04 01:15:47.368421053,6.984547437989861,3.387957021540875,4.132575824210116,cd,-2.749764631305382,21.33768863576458
2023-04-04 23:09:28.421052632,7.709730151889354,11.189546357652759,3.1921620422043406,Unknown,79.12179261713788,-2.7057649934880885
2023-04-05 21:03:09.473684211,0.36587540709152555,12.624743629317388,2.512525013483112,Unknown,37.290744516402896,-141.97746160724682
2023-04-06 18:56:50.526315790,5.538766219692965,11.704756617031931,5.9529895490593585,Unknown,46.333148649041476,-42.49412645997705
2023-04-07 16:50:31.578947369,8.52656923789626,16.025265910414888,0.1273680879520216,Unknown,-9.930873168468352,53.776474454874716
2023-04-08 14:44:12.631578948,7.035558820906238,11.812473804622485,5.991355024125362,Unknown,21.09833220032388,-141.11259952423285
2023-04-09 12:37:53.684210527,1.4785044676239099,19.20595678429015,4.144781257342129,Unknown,88.55228254812499,162.1630178910969
2023-04-10 10:31:34.736842106,7.141402426903823,4.171705166182157,3.1378013556529223,Unknown,2.364762368446577,-39.9172417703293
2023-04-11 08:25:15.789473685,9.771803119718072,1.744810216435315,3.5372896986621125,Unknown,37.927338706892584,-161.16407500337175
2023-04-12 06:18:56.842105264,8.7808203310964,12.73511957600911,2.3514785122963344,Unknown,-48.98438042066755,-66.42925390667942
2023-04-13 04:12:37.894736843,4.25547942590233,10.136422402322808,1.926162471408038,Unknown,-44.70588979159885,147.75809169892665
2023-04-14 02:06:18.947368422,0.29336984860138526,3.406567124153309,5.972713148720449,ca,65.8671797552401,-82.00249207895982
2023-04-15 00:00:00.000000001,4.636590294859233,12.763498120260575,3.756444396583287,mz,-17.162615120826132,36.538276242716535
2023-04-15 21:53:41.052631580,4.457425463702837,17.693891740968994,3.9950210714234897,Unknown,84.14292043600128,90.7318116493077
2023-04-16 19:47:22.105263158,3.771080857803513,11.149086943731643,5.111208814026103,Unknown,85.64347692523938,-50.51152076955833
2023-04-17 17:41:03.157894738,3.5058934863590827,1.0909050941373337,6.197278530979601,Unknown,-14.506199201325742,179.268811117445
2023-04-18 15:34:44.210526316,4.520813914044475,13.474349311933423,0.7408915419172662,Unknown,-35.980395293156306,-12.728090709981018
2023-04-19 13:28:25.263157896,3.717615400965776,9.290660254237448,3.2219397893328954,mn,49.93026267007207,114.65510671214497
2023-04-20 11:22:06.315789474,2.5318929299425035,13.358344482132653,2.0781859933806066,Unknown,89.70382518626525,42.86468366943049
2023-04-21 09:15:47.368421054,0.44133888842351165,9.240798641628405,1.843602556687351,Unknown,-46.83016995517827,93.40700872121903
2023-04-22 07:09:28.421052632,2.9385408411539755,14.124726943132032,2.2651788847928884,ru,56.03952368902773,44.872774923040566
2023-04-23 05:03:09.473684212,8.532401720436626,17.430956388429014,0.13105509718968075,Unknown,-6.584712155453133,176.82155924715101
2023-04-24 02:56:50.526315790,1.4640673313913768,15.04787276449811,5.255288670051436,Unknown,-5.188351247675158,48.32442637901971
2023-04-25 00:50:31.578947370,9.033098138370477,9.268989258536205,4.061525993768159,Unknown,83.78903194128696,-179.55921525299817
2023-04-25 22:44:12.631578948,8.851309119060906,16.020248621853852,1.8785030539892211,Unknown,80.2990336927503,126.88694261706502
2023-04-26 20:37:53.684210528,7.577469772668339,11.32173542771807,0.011217751693139202,Unknown,-39.120854829147234,80.07712803285722
2023-04-27 18:31:34.736842106,5.228218738494477,16.16840477871669,5.083102840997512,Unknown,-6.280329104282288,156.26322132944068
2023-04-28 16:25:15.789473684,9.643890023611256,4.08246032302813,0.23686380580117147,eg,31.16202141069043,32.28679768078649
2023-04-29 14:18:56.842105264,3.409142283360936,15.457194561032509,1.2412437739864697,Unknown,-8.032365874598383,107.65638179379721
2023-04-30 12:12:37.894736842,5.9229414838576915,6.27218191772561,1.8822167148012914,Unknown,-84.64981119668447,-67.2398098855177
2023-05-01 10:06:18.947368422,0.6982379393610486,2.844443365969613,5.528767995678587,Unknown,48.126106341493255,-31.172832395425218
2023-05-02 08:00:00.000000000,0.32730983357188725,4.589292091574246,4.456800920861661,Unknown,-12.749750076593003,-26.305887998294565
2023-05-03 05:53:41.052631580,7.728679866812764,19.214017431887125,1.3287531866339555,Unknown,-63.71371222241825,154.83664790081735
2023-05-04 03:47:22.105263158,2.358792968203835,7.647432746633328,6.2304977366526995,Unknown,47.12452108096781,-129.89059786122812
2023-05-05 01:41:03.157894738,8.40885504873528,14.09570457175886,0.2739059844045252,Unknown,1.9305777708533896,52.907580097536936
2023-05-05 23:34:44.210526316,5.031902897056214,7.7539395807609175,2.4920436087633915,Unknown,-56.38134089519539,-120.65497588789304
2023-05-06 21:28:25.263157896,2.8754074977204698,9.661397192184204,2.0706918362330713,Unknown,-80.5889774334943,75.92465764615093
2023-05-07 19:22:06.315789474,8.85407675576162,19.94471765657126,5.654850586340817,Unknown,-40.29258272282101,87.46663146859538
2023-05-08 17:15:47.368421054,1.549578435664291,18.410800658885943,1.1237135200415447,Unknown,16.79469785957987,-55.88891364608921
2023-05-09 15:09:28.421052632,3.3475396279910763,4.190758012819736,2.2818353106610365,Unknown,-49.33859354024817,-121.32696622766646
2023-05-10 13:03:09.473684212,0.7985044508919917,6.286394735525494,5.387749147928582,Unknown,-19.69636197470632,117.45084433918498
2023-05-11 10:56:50.526315790,1.5602233409732595,1.0930697869169403,1.756716279702868,br,-11.479649843236388,-52.03848185276911
2023-05-12 08:50:31.578947370,9.98269613568285,18.991084324296974,1.86677348698301,ca,62.24385130473996,-110.3159176087798
2023-05-13 06:44:12.631578948,3.0165913580079557,8.859419532755187,1.4407348244959797,cd,-7.690563237663312,25.514070793670527
2023-05-14 04:37:53.684210528,1.6113261293086263,3.60305703988491,6.259060292550482,au,-28.597292762548122,137.66944914174286
2023-05-15 02:31:34.736842106,7.586504715594066,17.493221111788444,4.275820966001538,Unknown,-14.323780603483101,11.178670636598468
2023-05-16 00:25:15.789473686,7.662181834432631,16.413012288037187,3.680014236119844,Unknown,-12.00529615543607,-151.0221865742622
2023-05-16 22:18:56.842105264,9.037734272030857,9.479740626127814,1.438300181743499,Unknown,-4.287977906404976,73.24240984540037
2023-05-17 20:12:37.894736842,5.300584037195532,16.635165076250722,1.11807066381852,Unknown,35.23312093764562,-134.91188606188788
2023-05-18 18:06:18.947368422,6.748501086794444,1.1817440819053557,4.604665246774123,ru,68.46283699776646,87.41218696918071
2023-05-19 16:00:00.000000000,0.7617742409247631,8.146802706470364,2.916468433694228,bf,12.53034935660206,-0.0745851131655968
2023-05-20 13:53:41.052631580,6.582175142794854,6.561846702480329,4.018823470413894,Unknown,-75.42934374266972,-90.69675632623384
2023-05-21 11:47:22.105263158,2.397745323252307,4.830985997060875,2.389194665274603,Unknown,-34.512633515571615,-88.50808094957502
2023-05-22 09:41:03.157894738,5.001347496516014,2.3945206505805867,2.0323187817589465,Unknown,-77.64042549904806,-37.912960585441965
2023-05-23 07:34:44.210526316,7.99901974196723,3.358483272537204,4.58830376048524,vu,-14.165443659637404,167.65234779781656
2023-05-24 05:28:25.263157896,3.116065469934904,10.746677320143469,4.494535113888853,Unknown,-15.301697487033891,73.69877442881617
2023-05-25 03:22:06.315789474,0.6758026452947749,5.686207928399426,5.209246729129671,Unknown,-13.400033198317828,-131.95452064515266
2023-05-26 01:15:47.368421054,0.5228186829174675,17.802756213132362,0.15048528094161903,Unknown,15.675959314559904,-121.72551149759775
2023-05-26 23:09:28.421052632,5.383408721428184,4.401447483888676,0.3632989279955232,ca,54.89938662251035,-66.7931624109632
2023-05-27 21:03:09.473684212,0.7415993213823379,2.971206879612012,3.7902787626632417,Unknown,-68.35216816576823,-177.8810978703788
2023-05-28 18:56:50.526315790,4.407250074330202,4.980146516606118,1.3142149911174525,Unknown,19.55974570298764,-149.80583721036263
2023-05-29 16:50:31.578947370,7.838479644996979,10.166048581644336,0.2594062699280068,Unknown,-59.285525846053,-52.57243912942627
2023-05-30 14:44:12.631578948,3.3717137518372358,7.610099968113788,3.1110874822184957,Unknown,-71.49111910022819,-74.04964236910209
2023-05-31 12:37:53.684210528,4.292496876733153,4.9075068595032185,2.443539624386123,kz,50.58604646995158,65.74978365514181
2023-06-01 10:31:34.736842106,4.426217351569282,10.825699335137315,1.9711045049006664,Unknown,-72.9488084202322,-11.77000372515164
2023-06-02 08:25:15.789473686,8.24535528766565,4.276509358412656,4.052975541822574,Unknown,-38.11506026577425,107.60638638042883
2023-06-03 06:18:56.842105264,9.25321953516173,9.150238145215956,1.1209146253844204,Unknown,20.63231046791887,-159.62965921213083
2023-06-04 04:12:37.894736844,8.191368318624312,6.84565820419419,4.789526547709422,mr,18.072809511532157,-8.90042125905012
2023-06-05 02:06:18.947368422,3.0187191699384153,9.551354733615273,0.5261585966317216,bo,-17.75251015413815,-65.33943638608893
2023-06-06 00:00:00.000000000,7.626763678890659,15.386258330280766,0.22125560353398774,ru,60.695835434161864,75.039760249372
2023-06-06 21:53:41.052631580,1.1719225866536604,4.178177030220947,0.743468718871874,Unknown,-73.45829399474113,55.40873771695345
2023-06-07 19:47:22.105263158,0.7223261874428444,11.297598200949404,5.674504260153097,ru,65.49151048512493,97.12175645110517
2023-06-08 17:41:03.157894738,6.233771347485149,11.452981984466057,4.757347933081706,Unknown,-53.05454123711907,157.4695855643941
2023-06-09 15:34:44.210526316,5.030020239537079,14.129331801329059,5.526063355265445,Unknown,-31.422679579028184,-134.26168654235047
2023-06-10 13:28:25.263157896,2.7527224349688617,2.905713115180025,4.052304602334973,Unknown,-10.614920150191836,9.54173701620357
2023-06-11 11:22:06.315789474,5.4560172888353655,13.228425005745684,4.985105493120207,za,-29.401828270572032,17.586753466586572
2023-06-12 09:15:47.368421054,5.6159675272034635,2.707671871637367,1.001708658697146,Unknown,14.058841446409204,136.8315740775409
2023-06-13 07:09:28.421052632,4.949540373323099,7.093858371826096,0.41220630375319184,sd,15.628129820268086,25.089082224112502
2023-06-14 05:03:09.473684212,8.19634759853191,9.94853960309606,1.8708038965400573,au,-34.565382167963236,145.59380905340487
2023-06-15 02:56:50.526315790,7.492671024178165,2.57406946991181,5.16255841606046,Unknown,28.689534119080804,164.2752135352606
2023-06-16 00:50:31.578947370,7.953984058079488,18.86820054673202,5.881710184074398,Unknown,-83.90084805087048,-177.2293504044181
2023-06-16 22:44:12.631578948,4.257347984700801,3.122307219159982,4.396978228436739,Unknown,73.71579046003143,-64.96978405539929
2023-06-17 20:37:53.684210528,3.8003050650883345,9.990148216487016,2.8782660148821186,Unknown,88.38513978968862,4.078463546990008
2023-06-18 18:31:34.736842106,6.377922433781534,13.840909707781266,0.8239061542333845,Unknown,33.00349425074755,179.99233074704273
2023-06-19 16:25:15.789473686,2.9973289366937923,16.049861830120648,2.7845900176244345,gl,70.97788781755037,-31.198352556014044
2023-06-20 14:18:56.842105264,7.215474198867409,3.8300568979375265,1.075446097143222,Unknown,-45.139080546962674,47.23155574501607
2023-06-21 12:12:37.894736844,1.5140689175499165,11.9387150326984,0.6719511476742049,Unknown,-9.317198226152712,-97.56794936818656
2023-06-22 10:06:18.947368422,7.756392200894935,7.702714302442429,1.9077446588873985,Unknown,-85.96591749655309,73.50398611479531
2023-06-23 08:00:00.000000002,2.4967981891943363,9.19070998373433,5.636393099436751,Unknown,-37.009778212456624,-134.2876542138366
2023-06-24 05:53:41.052631580,2.0870828668774353,13.541117396590492,2.419886171094689,Unknown,-45.52188443643878,74.89764254908559
2023-06-25 03:47:22.105263160,7.018972360644241,2.139406000723838,6.015450577452613,Unknown,-80.61698988162878,47.538910643841575
2023-06-26 01:41:03.157894738,5.3910058161970635,2.848574841683888,4.967171632294544,Unknown,-54.6469337436505,21.232975184311186
2023-06-26 23:34:44.210526316,3.350852478354965,9.448420750754545,4.507630036998096,Unknown,-68.0025070562271,121.9398979103475
2023-06-27 21:28:25.263157896,6.156233737520927,13.225553944801545,0.4967624467767639,Unknown,78.4926316718354,-169.7977205980514
2023-06-28 19:22:06.315789474,8.397866281953847,14.347584494102797,0.9377564157675347,ye,16.049175153090474,46.4019819594923
2023-06-29 17:15:47.368421054,9.236566577398555,17.936101263823065,1.1368138493556037,au,-33.92138532932443,143.63716730931117
2023-06-30 15:09:28.421052632,5.650406124225244,7.431512611391228,0.39329756822159595,Unknown,-28.057357194444933,-73.6101671165569
2023-07-01 13:03:09.473684212,7.9009537386116735,4.059621757995462,4.558620760635816,Unknown,32.44042176935993,127.15158971195467
2023-07-02 10:56:50.526315790,7.9581577381306,13.257414559747382,4.77701283370191,Unknown,-1.4278708094548165,-37.74777617571431
2023-07-03 08:50:31.578947370,9.51220930334563,11.366286425973225,3.515006957090659,Unknown,-64.9708939095699,146.48902053560653
2023-07-04 06:44:12.631578948,6.666471702721294,19.052805627758232,1.2902865482274,Unknown,-20.184072961372422,-34.16159576945395
2023-07-05 04:37:53.684210528,4.035358042342374,14.490595201025501,0.01852864743254269,Unknown,21.023665948578397,-162.07455024504043
2023-07-06 02:31:34.736842106,7.018637125361831,15.782394197360148,0.4880932996276235,Unknown,21.320951820931114,-153.20315854213447
2023-07-07 00:25:15.789473686,0.5400352388159899,1.468994724226404,4.690882785987099,Unknown,48.92234620519119,-8.278683014855915
2023-07-07 22:18:56.842105264,8.31947906756411,12.278696115840908,4.861215133529922,Unknown,87.97057729070386,-28.268271658874852
2023-07-08 20:12:37.894736844,9.595305092566994,15.28254473207927,0.8645367824488484,Unknown,78.5297278450976,51.36828854399661
2023-07-09 18:06:18.947368422,3.8879070126763695,3.1063164564070798,4.588836961971508,Unknown,-19.638340643604494,85.36475037381308
2023-07-10 16:00:00.000000002,6.878283515904143,1.7916644462302271,6.1093142621776355,cn,42.685274403311894,115.35246419478125
2023-07-11 13:53:41.052631580,4.421314142478353,3.262005764496869,1.2139862557154941,Unknown,-74.67105452104808,-177.28924167286183
2023-07-12 11:47:22.105263160,6.489863971745265,17.958649449461195,3.5599427954771823,ru,62.40927277710901,136.42111520571933
2023-07-13 09:41:03.157894738,3.9161687352371373,11.559151642596358,1.1032355052887108,bo,-16.80311601694646,-59.8367501742153
2023-07-14 07:34:44.210526318,7.740834235091863,7.30732411237376,5.342373522866745,Unknown,-59.60595101084725,-35.764693863090315
2023-07-15 05:28:25.263157896,5.630204987108914,18.48771695846693,2.1234688696017985,ci,6.26170261258622,-7.478954905503969
2023-07-16 03:22:06.315789474,3.8481446452656,17.91674120261319,4.904154895707819,ru,53.42546983033506,130.0969145906763
2023-07-17 01:15:47.368421054,9.787093516757848,7.9657205049923006,4.2998202192244115,Unknown,-22.097926368659714,77.92795464132035
2023-07-17 23:09:28.421052632,7.878778306363886,13.319048744494763,4.681447827640834,ru,48.14535087944097,43.638963693443486
2023-07-18 21:03:09.473684212,7.419955597821015,8.73663978436436,2.7407710194108517,Unknown,-70.60461476527132,46.488971771936406
2023-07-19 18:56:50.526315790,5.7174231667933615,13.360556850188589,0.6113974861375027,Unknown,-69.75949887799003,157.15092699262271
2023-07-20 16:50:31.578947370,1.0124998988735014,6.126746605865782,3.514619357749382,Unknown,79.29545134276066,-145.768975475533
2023-07-21 14:44:12.631578948,8.282130119132924,5.746877303866868,2.559744471052312,ru,69.46596279871213,176.67677477925133
2023-07-22 12:37:53.684210528,2.9193457850605413,19.955952466867405,0.7537992693543005,Unknown,-49.5554756675375,170.95572178726354
2023-07-23 10:31:34.736842106,0.7999362804015031,17.001555310240438,2.821753844216907,ro,45.80630468561395,27.4730753227374
2023-07-24 08:25:15.789473686,2.0049901967671877,14.086247439455365,2.4953284044677777,ar,-38.16233808896675,-68.74286960832924
2023-07-25 06:18:56.842105264,1.2317493458579598,6.677944639496474,0.20785453179051083,br,2.6046089945636766,-62.69979721085318
2023-07-26 04:12:37.894736844,4.359946940930828,11.366931116563041,4.245233549536432,Unknown,-82.74988938253252,129.7225314565742
2023-07-27 02:06:18.947368422,6.942506912387293,16.988146491630676,2.4990068341551734,Unknown,-35.99348461905619,152.8740276905176
2023-07-28 00:00:00.000000002,5.1525368626406145,14.946721793491442,0.730496121786127,Unknown,-71.61127389166582,-97.07183953875168
2023-07-28 21:53:41.052631580,5.3055525720388825,3.4498837169739147,2.850973617080492,Unknown,24.646826886579234,178.57235485380215
2023-07-29 19:47:22.105263160,5.704888560363293,16.72069758810579,0.1461596646133708,Unknown,22.127960291701655,-158.16095280460615
2023-07-30 17:41:03.157894740,8.772329676728832,6.88531437310658,1.920004031833536,sa,18.60038283108051,48.22296264234248
2023-07-31 15:34:44.210526316,7.37548597215423,15.513623583365437,1.1878671459912866,Unknown,-80.11494903163872,70.18691864444153
2023-08-01 13:28:25.263157896,7.84566667779649,10.83755124125872,5.115460138156969,Unknown,77.94886633281791,1.2807788043082269
2023-08-02 11:22:06.315789476,4.867855504098653,16.810618152022712,4.983128317028058,Unknown,-88.95466362748937,-22.113518165958965
2023-08-03 09:15:47.368421052,8.304332224538902,5.7387058242403635,6.010005422622258,Unknown,-20.02918720369331,-1.0294391630720554
2023-08-04 07:09:28.421052632,2.6740715821089798,4.776497494074888,3.155491561803589,bo,-21.975639051031933,-63.00403829978879
2023-08-05 05:03:09.473684212,7.869723063878933,17.366730196882614,4.716409411943422,Unknown,19.875246374839506,122.93400212636163
2023-08-06 02:56:50.526315792,0.7275300892195798,13.626492705834538,5.549672665966722,Unknown,-61.49088688344592,67.5043289114495
2023-08-07 00:50:31.578947368,8.75391351442734,7.492994831351156,5.034386952828358,Unknown,-50.69283170477831,-143.07787967849217
2023-08-07 22:44:12.631578948,1.5270227208030895,5.782272993793542,3.421942893771463,Unknown,-69.16156417845687,-57.956573079260394
2023-08-08 20:37:53.684210528,5.258594943445493,4.3822471873110675,1.4451549401973665,Unknown,-73.56535387541756,-84.45226485550879
2023-08-09 18:31:34.736842108,4.815459215339076,8.302534062433296,5.615962749310759,ca,54.52039929985648,-95.48747325213182
2023-08-10 16:25:15.789473684,7.044223433445451,15.302451137480146,4.925462077493387,Unknown,88.17309888306943,-69.97821665003583
2023-08-11 14:18:56.842105264,3.2251685177788736,2.4273381987219635,2.5890008699581757,Unknown,20.76859324989249,-68.45712076958645
2023-08-12 12:12:37.894736844,5.945393150951073,14.559992291082077,4.837453995151983,Unknown,-46.46407589354073,-136.62145461011482
2023-08-13 10:06:18.947368424,7.976041292966581,6.661830860610053,1.3994579867839188,Unknown,70.4285514262088,-172.6089936828636
2023-08-14 08:00:00.000000000,5.726086158856069,9.851289621246185,4.092073608318831,Unknown,-7.7392788480218115,-174.4444094399612
2023-08-15 05:53:41.052631580,9.116745141961731,13.053846535267786,3.8585689569529,ru,63.88128365962547,136.82683481894924
2023-08-16 03:47:22.105263160,0.6218892425215209,6.778401403953712,1.7360781088437052,ir,34.69887981993692,46.68329850887682
2023-08-17 01:41:03.157894740,4.940529027441737,8.991124018221026,0.5219362393546001,Unknown,-49.36275967313947,74.07083863111095
2023-08-17 23:34:44.210526316,0.2673822629309822,11.389076280971823,5.2750637597297425,ly,28.75078509499241,18.73351897972347
2023-08-18 21:28:25.263157896,1.5470108958051845,11.131918356611347,0.26349558174153126,cd,-1.418692310921145,25.98447712306583
2023-08-19 19:22:06.315789476,3.322083029945101,10.777812742287292,2.9977774153094314,Unknown,60.1666571175611,-3.781652760885777
2023-08-20 17:15:47.368421056,9.482847453670084,14.08268416362166,1.49529719774441,Unknown,-70.86188057167202,-131.54787680896862
2023-08-21 15:09:28.421052632,0.9443705060237008,1.7502431728756023,5.14273729515969,Unknown,73.12039569390629,2.458199994006577
2023-08-22 13:03:09.473684212,6.349846300930636,13.45978575524052,0.6124428039863834,ru,70.88047553256618,107.14142316274211
2023-08-23 10:56:50.526315792,3.289457919475662,2.693736826956052,1.3222568698725785,Unknown,-19.813507901107613,162.56024810964226
2023-08-24 08:50:31.578947368,3.8786059658638594,1.8843226010367236,4.248661056651118,Unknown,-73.28454758431867,55.12402546459444
2023-08-25 06:44:12.631578948,0.15500373467853565,18.169970035823223,3.8627575010699955,Unknown,34.56388903995638,155.55960311217933
2023-08-26 04:37:53.684210528,8.577777578447424,13.454651941598831,4.288284259451686,cn,41.46116992876421,80.68175605967764
2023-08-27 02:31:34.736842108,8.98932853881515,18.364187555740706,2.350146680544104,ne,17.84417700349627,9.361167490745089
2023-08-28 00:25:15.789473684,9.322912606022529,10.624995201589789,1.6701539450707727,Unknown,6.998883615816979,111.83915893175123
2023-08-28 22:18:56.842105264,6.015697287402944,12.88354063162837,2.7684475884907087,Unknown,74.45093055296132,49.37345078189429
2023-08-29 20:12:37.894736844,5.432103056777318,18.31385977392752,5.329408162750628,Unknown,47.36445004785321,-52.15695285981133
2023-08-30 18:06:18.947368424,2.7900233766415146,1.1416076346060209,0.8288482879453517,Unknown,-63.8793180947479,10.877480956148503
2023-08-31 16:00:00.000000000,0.8322010302241015,7.472573486943629,0.16688228916331718,Unknown,-75.63458046309454,-15.541938902329377
2023-09-01 13:53:41.052631580,4.109880844946996,5.957101027380612,6.155472345502458,Unknown,-35.82319470036996,-94.03447908973506
2023-09-02 11:47:22.105263160,4.84247876180354,6.701927935085227,0.11182168642793104,Unknown,-25.09234287405674,-131.73575862147607
2023-09-03 09:41:03.157894740,3.8806671025578527,3.508606915129943,4.425125412192632,Unknown,-19.29120077506522,-156.6812058245105
2023-09-04 07:34:44.210526316,4.622606115248322,5.098548408639137,0.9605024736444616,Unknown,54.50699229634401,5.8017635762498685
2023-09-05 05:28:25.263157896,3.253457389071842,14.05248378821476,4.160893543519768,Unknown,-88.93557820830074,-1.2353536084621624
2023-09-06 03:22:06.315789476,1.2111312582262255,17.227194768380198,2.631035545938633,ru,73.64769987069468,141.89361173709642
2023-09-07 01:15:47.368421056,9.255988777039674,8.105895542564125,5.030091378161619,Unknown,-89.5521908817164,160.89784802600593
2023-09-07 23:09:28.421052632,5.473962709180516,3.863318158650008,1.7751467161187895,ru,72.89591775224744,109.57045365501853
2023-09-08 21:03:09.473684212,8.81062963265531,12.720873000003582,5.346730688163417,Unknown,-30.187389783701775,161.52635823712234
2023-09-09 18:56:50.526315792,6.043355246213354,15.471483440458345,4.180415085980028,ru,64.08816801709816,167.18742670578405
2023-09-10 16:50:31.578947372,3.6020753497131515,2.74679689086577,0.02708223051702871,us,66.23823893378488,-141.21183323046702
2023-09-11 14:44:12.631578948,9.281015822508088,3.228386738247899,4.217865950897366,dz,30.19764875892541,6.529172359725806
2023-09-12 12:37:53.684210528,8.461693801879395,12.772671667778575,0.3887952701189152,eg,30.694456126866953,27.708991044865968
2023-09-13 10:31:34.736842108,9.161681266891764,12.145869753407318,4.366195184829796,Unknown,85.1967979586216,-132.9076905131074
2023-09-14 08:25:15.789473684,4.615688059503923,17.796218401573988,5.689873757629089,Unknown,-45.287424054100335,-123.70614887600719
2023-09-15 06:18:56.842105264,1.7583968759598623,7.880321692468257,5.184258947548036,Unknown,89.1085896616917,-73.16919572714822
2023-09-16 04:12:37.894736844,9.17421929434739,11.032391400890193,3.6978490718187147,Unknown,-69.33333005739114,-134.996925430492
2023-09-17 02:06:18.947368424,4.255117745802227,3.426245146254044,3.4256386883319503,Unknown,-60.82809665961313,67.22151224466123
2023-09-18 00:00:00.000000000,0.8337900999416674,3.970716259456646,0.9459045955415307,Unknown,2.034784842645948,78.88619690981096
2023-09-18 21:53:41.052631580,2.678620311677168,12.540358857497719,5.8727947464067585,Unknown,-84.74388612792653,-176.98649435169867
2023-09-19 19:47:22.105263160,6.95566178279907,4.908392501945631,1.7871380132877626,us,56.070049560349275,-131.68279538298628
2023-09-20 17:41:03.157894740,3.379262252077445,17.282130093629398,5.409908638302202,ru,58.22451160243753,30.434458699528506
2023-09-21 15:34:44.210526316,6.791506501208545,16.505818899754125,2.1949374067957,Unknown,-81.19038216604034,-7.600959158243512
2023-09-22 13:28:25.263157896,3.9829219765245796,17.426938162925254,0.9358528673189448,Unknown,-5.479061758814126,-150.10914956975355
2023-09-23 11:22:06.315789476,7.238312219745277,13.059441626721188,0.1130285327713085,ca,58.26114130030555,-89.87822611944881
2023-09-24 09:15:47.368421056,1.619724093412123,3.7233976059444833,3.7381342315016206,Unknown,52.13063554729109,-44.75738731107734
2023-09-25 07:09:28.421052632,1.4731231067270718,1.182884043227792,1.5110166117284112,Unknown,57.120416765252116,-173.45900181342333
2023-09-26 05:03:09.473684212,1.1233938427071357,10.927311625819721,3.7807666092054877,Unknown,-23.525312647074728,-15.733727200363887
2023-09-27 02:56:50.526315792,5.6198301170846205,13.994106308316061,3.8193031891572518,ru,46.76598986772487,135.82884492399893
2023-09-28 00:50:31.578947372,9.970260724289918,5.6789678344258485,2.7220097467696016,Unknown,-65.27138450017668,-15.671538584007266
2023-09-28 22:44:12.631578948,2.322004692193227,17.60311507714601,2.9948596599131476,Unknown,65.34747893752504,-60.389859295413515
2023-09-29 20:37:53.684210528,8.25836694108798,16.652944345184295,6.037048894310513,Unknown,87.71642455078745,-79.9770104292271
2023-09-30 18:31:34.736842108,6.7511172565293736,15.732200843696747,4.0143010459480095,za,-30.847017877046866,26.914316276218983
2023-10-01 16:25:15.789473684,5.7799961514506215,10.471987447677733,3.715772654291073,Unknown,38.50108042901741,164.92068450284472
2023-10-02 14:18:56.842105264,4.769162406157686,18.915988773111213,1.4569752594867083,Unknown,0.4142848795864751,-17.32470243071438
2023-10-03 12:12:37.894736844,6.4051941567231285,14.999293178151124,0.5600415587729289,Unknown,25.97271875362982,-164.48370729689907
2023-10-04 10:06:18.947368424,8.309755908897985,18.91196136972811,4.75795009267701,Unknown,-79.26579597412172,159.5872990537702
2023-10-05 08:00:00.000000000,4.309450551193434,11.409311608044337,0.2725811603091092,Unknown,-52.37604049768111,20.311744500447332
2023-10-06 05:53:41.052631580,8.150296093616598,9.619109242566761,2.9947266581592515,Unknown,-60.78019991169646,-81.3235493159826
2023-10-07 03:47:22.105263160,4.733132604527478,19.658975044942743,0.004314530975307377,ca,49.05003562462741,-98.37399951821669
2023-10-08 01:41:03.157894740,8.10826072487179,7.662616902189443,2.344461475867115,Unknown,11.39121943081112,-174.56847563875925
2023-10-08 23:34:44.210526316,6.731748322945761,17.72935073999328,2.2954635510433783,Unknown,-79.78652979291785,34.7266942937853
2023-10-09 21:28:25.263157896,3.066457986543682,15.535226877987709,5.981554572145344,Unknown,56.39295542642239,168.9511248941356
2023-10-10 19:22:06.315789476,5.467352837723333,11.414575135738957,1.05740889966984,Unknown,-73.27396521892132,-38.53832671078479
2023-10-11 17:15:47.368421056,1.711609996417174,9.868666614599517,2.436287257194999,Unknown,-27.011040402440848,-18.852617428546864
2023-10-12 15:09:28.421052632,7.9905743352135365,8.218222134043558,3.9621711194094837,Unknown,-12.00505186903959,-119.35094064055113
2023-10-13 13:03:09.473684212,3.1099478335922695,15.533071037771876,5.3611982618773,Unknown,6.761798991350943,-52.679364974199814
2023-10-14 10:56:50.526315792,3.227193467974442,1.0966654408947296,1.6329773518999824,Unknown,20.935562911058142,-55.08179707692372
2023-10-15 08:50:31.578947372,5.702455489480832,3.481231105870775,4.412528404572753,kz,42.16791535722922,69.51508843164083
2023-10-16 06:44:12.631578948,3.441356923493745,13.546352508598632,4.083813289329046,Unknown,-40.28347426025802,-168.56182787761367
2023-10-17 04:37:53.684210528,2.5899955920231204,13.615828388228397,5.933915578509703,no,69.78670870059969,29.48617666436587
2023-10-18 02:31:34.736842108,8.615556769604547,12.349684547755917,4.637066839916207,Unknown,-72.7579305940814,-125.92795955282035
2023-10-19 00:25:15.789473688,9.684798631067459,19.464808699477913,2.221156146190043,Unknown,-59.16739545301888,7.156372687115294
2023-10-19 22:18:56.842105264,3.0061170902729715,5.360055937921092,6.077556673879866,Unknown,-41.369381481832015,176.28503542978848
2023-10-20 20:12:37.894736844,4.651079173691757,18.551230344353815,1.990580171856221,br,-14.699854628449586,-60.13337227765712
2023-10-21 18:06:18.947368424,2.236347956512926,9.111074892592907,1.0922780150059823,au,-16.91275735466185,124.55311388083607
2023-10-22 16:00:00.000000000,7.7970015005465365,3.631154069010662,3.455007203373383,ca,76.23152697254764,-90.52473334034909
2023-10-23 13:53:41.052631580,6.085030093491802,1.279870675273696,5.552618868195903,cd,4.6475672254108105,25.61147717967785
2023-10-24 11:47:22.105263160,8.303831209202658,1.460197972727655,4.196226875184487,Unknown,-43.92531646384636,71.53229887247835
2023-10-25 09:41:03.157894740,9.648288798421655,15.820321833770432,5.379475739055033,Unknown,19.220321363166775,71.9705650563753
2023-10-26 07:34:44.210526316,8.288608442018742,11.86051812539521,0.5157751524106791,Unknown,5.151135325552772,158.00805786218018
2023-10-27 05:28:25.263157896,0.8819141561569868,15.81407507893983,1.852397397567647,Unknown,85.71719333798319,170.01148184125378
2023-10-28 03:22:06.315789476,5.605175473824158,18.326621068292468,0.3747682855432177,ru,71.48496921812969,107.34539116990663
2023-10-29 01:15:47.368421056,6.588794259417738,16.790356728549064,5.550386061569613,es,39.66347870369029,2.475595813025393
2023-10-29 23:09:28.421052632,2.58046653141847,18.456344205853508,4.221441108379868,ca,72.6554160096712,-108.2361675846251
2023-10-30 21:03:09.473684212,4.869495462655205,9.99823953955134,1.5630811915252287,Unknown,-82.05613786289335,-22.55711025016845
2023-10-31 18:56:50.526315792,1.2998687707983445,17.855375191419444,1.028067588507587,ar,-24.19986260373402,-59.86600442072822
2023-11-01 16:50:31.578947372,1.5652949304144812,16.079525787893125,2.3888683905119543,Unknown,-45.34683143459236,134.74101931085892
2023-11-02 14:44:12.631578948,4.046592530564411,15.405899456157762,0.9037205582878355,Unknown,-81.4055894492141,97.87706657033209
2023-11-03 12:37:53.684210528,8.663323902876064,15.00769781453545,1.2052328853859773,ca,50.68498386031774,-128.6762509984737
2023-11-04 10:31:34.736842108,0.26586030205518285,5.075457662178239,1.8870815644306413,ca,70.36861218194619,-91.83624404126999
2023-11-05 08:25:15.789473688,3.5280825410285668,12.468125810243151,2.8790386813999347,ru,71.52446855473019,125.92927384082918
2023-11-06 06:18:56.842105264,2.3221781266769472,13.417041398027237,5.508151554921802,Unknown,73.45617280274092,19.541363033545053
2023-11-07 04:12:37.894736844,6.234165232005316,12.161826200962425,4.843556134823401,Unknown,55.436669599141396,-168.79272774651764
2023-11-08 02:06:18.947368424,2.3417859858984307,5.354041855247395,4.3660656571463425,au,-24.34376121553089,113.56562384175777
2023-11-09 00:00:00.000000000,7.251266377436322,14.999326222109993,3.708487098675288,Unknown,85.6497259112962,-158.0422663229332
2023-11-09 21:53:41.052631580,5.721508318854396,14.01074734064212,3.22179974947924,Unknown,6.885303491565978,51.29947953494104
2023-11-10 19:47:22.105263160,3.561456974193919,6.411366081568573,2.5144239704305806,Unknown,-3.895578255300123,-173.0173276358621
2023-11-11 17:41:03.157894740,7.833311124928471,16.901429368109326,0.9872998526594264,ru,58.39613094132093,114.17723811419694
2023-11-12 15:34:44.210526316,5.405154863491655,10.207929970007115,4.388451468511558,pe,-13.983496632380522,-69.5612309850484
2023-11-13 13:28:25.263157896,0.5892919688061174,1.2403144721123556,0.9719420266953807,no,68.65367994301732,14.787472624242383
2023-11-14 11:22:06.315789476,7.803685881319758,16.433963663877552,0.9886763879893168,Unknown,-4.334425635206301,-24.56859794986414
2023-11-15 09:15:47.368421056,2.332355674125057,8.08473801023538,0.029988988308454072,Unknown,-52.02103648083772,175.59442246256094
2023-11-16 07:09:28.421052632,5.027083119262421,14.410830746615822,4.341004675246716,ca,73.34587849990663,-119.91635173337534
2023-11-17 05:03:09.473684212,8.222722054569452,19.050954590194266,0.23086299705475163,Unknown,-62.62751301422168,-167.90389831609048
2023-11-18 02:56:50.526315792,0.9155535574271827,12.981252536774642,0.695677526765753,Unknown,35.10899184499077,-25.350418582075633
2023-11-19 00:50:31.578947372,2.280033864907601,9.569831223324227,3.3750857739836766,Unknown,-53.394511668665494,-177.6214438400477
2023-11-19 22:44:12.631578948,1.3933449939311189,13.968205125150897,0.8184613973682664,Unknown,68.59366114839318,39.178376017329384
2023-11-20 20:37:53.684210528,9.805966609251714,6.933414011629281,4.795515600965312,Unknown,-17.030900243788565,-37.7600369004723
2023-11-21 18:31:34.736842108,2.887779390566985,18.190190480278023,4.511378560384768,ir,30.804149748320583,54.03259479332405
2023-11-22 16:25:15.789473688,8.931034859712607,9.769632260588343,3.230897400516096,ru,70.337197415068,104.18904301243094
2023-11-23 14:18:56.842105264,7.1945958621182475,7.335142221916392,6.02263815431407,Unknown,-68.14433298296971,-89.95644811795226
2023-11-24 12:12:37.894736844,4.184954166131164,5.00037348303592,5.948134747298379,Unknown,-59.91761690461644,151.84874923686027
2023-11-25 10:06:18.947368424,6.50461414160074,16.222038732049043,3.124451904934063,br,-12.005711633478995,-53.344262734335715
2023-11-26 08:00:00.000000004,3.303962260158149,10.918598483465056,1.7826025664900045,Unknown,23.151590431164365,-94.9586919098008
2023-11-27 05:53:41.052631580,2.5990045481515134,1.2187272207829427,2.194679410265661,Unknown,23.44358855216565,145.41080630589778
2023-11-28 03:47:22.105263160,7.040569768948331,10.882158043128253,2.989889069062436,Unknown,-12.777961229350069,-37.16630669552717
2023-11-29 01:41:03.157894740,3.365436429329158,1.2968315237922265,0.5145876913273899,Unknown,79.67159876365656,-129.91532971934228
2023-11-29 23:34:44.210526316,6.9951302981804675,17.40357342042907,1.9085943620602572,Unknown,-77.01232033663916,-118.33252755787926
2023-11-30 21:28:25.263157896,5.01274482937857,15.603499884460728,1.3319595401437356,pa,8.732952455664545,-80.3751583153042
2023-12-01 19:22:06.315789476,8.059628412264512,12.841140722413591,0.7174377918703202,Unknown,-46.26161840029434,119.11675281733244
2023-12-02 17:15:47.368421056,5.885696160019402,6.862589392714268,4.934795112170926,us,40.97611727667132,-123.31940156204307
2023-12-03 15:09:28.421052632,3.3129820251147577,15.166478746805042,2.36056727278983,Unknown,84.55001350340629,-53.14399210454634
2023-12-04 13:03:09.473684212,9.201737294273824,7.871467637977992,4.132643134097015,ru,66.14625957193795,84.10963285996968
2023-12-05 10:56:50.526315792,1.456669205731141,5.479380101296043,2.911353704134079,dz,28.306885029222315,-7.195592098971787
2023-12-06 08:50:31.578947372,9.178785739620592,7.125170385021503,1.383778026806261,Unknown,88.07554675251876,-156.4994458578737
2023-12-07 06:44:12.631578948,2.0533508766551276,19.327679928180224,2.7942494410708147,Unknown,80.26763048236037,-142.85718800588046
2023-12-08 04:37:53.684210528,8.000950680806632,1.9667713635792436,3.74579044955802,Unknown,-51.671184057088645,-167.07430938574956
2023-12-09 02:31:34.736842108,7.960595025433587,5.306084806758065,3.150795689168549,Unknown,-16.542193799265917,-7.4762180346465925
2023-12-10 00:25:15.789473688,8.253944349702914,6.736718813952288,1.6540940013521357,Unknown,-77.67204754064554,67.17371157285837
2023-12-10 22:18:56.842105264,7.288577718870836,9.147425278624532,1.6916382613481078,ru,64.58101403463135,169.14214456509984
2023-12-11 20:12:37.894736844,4.047401616326769,8.63695335929176,2.5585453589255955,Unknown,88.1869407620795,-0.5004324300174403
2023-12-12 18:06:18.947368424,3.7727455968023946,14.811852558380386,2.9444351089756724,Unknown,-79.47539503793,-66.86794386135593
2023-12-13 16:00:00.000000004,6.926311854070658,9.932692932806741,0.1920601115910217,Unknown,-82.36346471837577,136.6459073633518
2023-12-14 13:53:41.052631580,6.827172225930862,3.3126374321881755,5.1462814141498106,Unknown,13.527532150369083,-29.87413601001444
2023-12-15 11:47:22.105263160,6.098709868581809,5.740708222207999,1.400504229535247,ru,65.13167073953747,172.35679273533117
2023-12-16 09:41:03.157894740,1.8013978902779915,10.05491723694369,6.085319825698476,Unknown,80.6869516878298,175.49144932078457
2023-12-17 07:34:44.210526320,4.130942246839276,1.864792725468676,3.7235683371951223,Unknown,-48.25809357442046,9.02001747573243
2023-12-18 05:28:25.263157896,6.678775648845197,4.46824983622846,6.275522254303167,Unknown,34.68306512166434,-17.71870827924593
2023-12-19 03:22:06.315789476,6.571132473029775,18.594612526850177,5.784636934748259,Unknown,-6.063784938363341,-165.15902896058532
2023-12-20 01:15:47.368421056,8.737459786447154,5.53240651071862,1.6228460180562607,Unknown,47.53137239468347,-12.977419155144304
2023-12-20 23:09:28.421052632,4.8081608592905205,12.248128038584506,5.358963051245552,Unknown,6.659289979489046,64.43617834583992
2023-12-21 21:03:09.473684212,0.5657862946251413,1.9400299447737086,2.049409931679767,ru,71.05515839193183,133.6489950608593
2023-12-22 18:56:50.526315792,6.704437861115906,13.770142845083464,4.426242355424655,cl,-46.86208119198408,-72.44890286300141
2023-12-23 16:50:31.578947372,0.7100662606957657,7.088905309007689,0.7240237467826566,Unknown,0.5236093162522479,156.91053625952253
2023-12-24 14:44:12.631578948,2.2245306797773545,11.978336900607756,6.098330669293461,gl,71.94991858522786,-41.91269991907458
2023-12-25 12:37:53.684210528,1.4775917573914883,5.292964989239357,1.66884614093597,Unknown,-79.68894654773297,141.64538281861587
2023-12-26 10:31:34.736842108,9.357687678346965,2.7135446120328575,1.3765871475485445,Unknown,42.92740109685511,-34.669204495074894
2023-12-27 08:25:15.789473688,4.6150615075874555,12.016509906984128,1.316980816585907,ca,61.262565368753656,-91.93802450851317
2023-12-28 06:18:56.842105264,9.14942760727927,17.789132632986508,3.788776365912586,ru,62.58393579384227,172.51542967806603
2023-12-29 04:12:37.894736844,0.8266050469991854,18.14351520719927,2.370647655396263,Unknown,-42.96290218449093,5.391245538344151
2023-12-30 02:06:18.947368424,0.5545111074582,16.43542565884026,3.2964858976635956,Unknown,-86.29834898215154,4.5208743309466115
2023-12-31 00:00:00.000000000,7.641537801325787,8.965904491733408,3.613515717560153,Unknown,-10.054002234611076,-98.23185542402415
