time,seconds_elapsed,z,y,x
1766400136982614300,-1.5903857421875,-37.380001068115234,-17.100000381469727,-12.059999465942383
1766400137002664400,-1.57033544921875,-38.70000076293945,-17.579999923706055,-12.420000076293945
1766400137012674000,-1.560325927734375,-38.63999938964844,-16.920000076293945,-12.239999771118164
1766400137022684000,-1.550316162109375,-38.040000915527344,-17.69999885559082,-12.420000076293945
1766400137032724200,-1.54027587890625,-37.20000076293945,-17.34000015258789,-11.880000114440918
1766400137042734000,-1.530265869140625,-36.36000061035156,-17.520000457763672,-12.479999542236328
1766400137052804900,-1.520195068359375,-36.65999984741211,-18.18000030517578,-12.719999313354492
1766400137062814500,-1.510185546875,-37.13999938964844,-17.639999389648438,-12.59999942779541
1766400137072824300,-1.50017578125,-38.099998474121094,-17.940000534057617,-12.779999732971191
1766400137082834200,-1.490165771484375,-38.7599983215332,-17.520000457763672,-12.239999771118164
1766400137122995200,-1.4500048828125,-39.18000030517578,-17.100000381469727,-11.399999618530273
1766400137133035500,-1.439964599609375,-38.939998626708984,-16.85999870300293,-11.639999389648438
1766400137143045400,-1.42995458984375,-38.87999725341797,-17.03999900817871,-11.880000114440918
1766400137153055000,-1.419945068359375,-38.63999938964844,-16.739999771118164,-12.420000076293945
1766400137163064800,-1.40993505859375,-37.91999816894531,-16.799999237060547,-12.59999942779541
1766400137173105200,-1.399894775390625,-37.13999938964844,-17.399999618530273,-12.539999961853027
1766400137183114800,-1.38988525390625,-36.65999984741211,-17.520000457763672,-12.65999984741211
1766400137193185500,-1.379814453125,-37.13999938964844,-17.34000015258789,-12.179999351501465
1766400137203225900,-1.369774169921875,-37.73999786376953,-17.15999984741211,-12.059999465942383
1766400137213266200,-1.35973388671875,-38.279998779296875,-16.5,-12.059999465942383
1766400137243295500,-1.32970458984375,-38.52000045776367,-17.03999900817871,-12.59999942779541
1766400137253335800,-1.319664306640625,-38.7599983215332,-17.100000381469727,-12.779999732971191
1766400137263345700,-1.309654296875,-38.87999725341797,-17.279998779296875,-12.65999984741211
1766400137273355300,-1.299644775390625,-38.52000045776367,-17.69999885559082,-12.960000038146973
1766400137283365000,-1.289634765625,-37.91999816894531,-17.03999900817871,-12.359999656677246
1766400137293375000,-1.279625,-37.73999786376953,-17.579999923706055,-12.539999961853027
1766400137353433300,-1.219566650390625,-39.18000030517578,-16.979999542236328,-12.059999465942383
1766400137363473700,-1.2095263671875,-39.119998931884766,-16.559999465942383,-12.65999984741211
1766400137373483500,-1.1995166015625,-38.63999938964844,-16.559999465942383,-12.420000076293945
1766400137383493400,-1.189506591796875,-37.07999801635742,-16.559999465942383,-12.420000076293945
1766400137393503000,-1.1794970703125,-36.779998779296875,-17.279998779296875,-12.179999351501465
1766400137423593500,-1.149406494140625,-37.13999938964844,-17.399999618530273,-11.75999927520752
1766400137433603000,-1.13939697265625,-37.31999969482422,-16.920000076293945,-12.179999351501465
1766400137443613000,-1.129386962890625,-38.21999740600586,-17.34000015258789,-12.359999656677246
1766400137453653200,-1.1193466796875,-38.57999801635742,-17.15999984741211,-12.59999942779541
1766400137463662800,-1.109337158203125,-38.52000045776367,-17.459999084472656,-12.059999465942383
1766400137473672700,-1.099327392578125,-38.52000045776367,-17.399999618530273,-11.75999927520752
1766400137483713000,-1.089286865234375,-38.81999969482422,-17.15999984741211,-11.579999923706055
1766400137493753300,-1.07924658203125,-38.57999801635742,-17.760000228881836,-12.059999465942383
1766400137503763000,-1.069237060546875,-39.29999923706055,-17.399999618530273,-12.479999542236328
1766400137523813000,-1.049186767578125,-38.63999938964844,-17.399999618530273,-12.239999771118164
1766400137543832600,-1.02916748046875,-38.459999084472656,-16.3799991607666,-12.179999351501465
1766400137573862000,-0.99913818359375,-38.939998626708984,-16.3799991607666,-12.539999961853027
1766400137583871700,-0.989128173828125,-39.23999786376953,-17.219999313354492,-12.479999542236328
1766400137593912000,-0.979087890625,-39.29999923706055,-17.219999313354492,-12.420000076293945
1766400137603952000,-0.9690478515625,-38.7599983215332,-17.15999984741211,-12.059999465942383
1766400137613992400,-0.959007568359375,-38.939998626708984,-17.940000534057617,-12.359999656677246
1766400137654062000,-0.91893798828125,-37.79999923706055,-17.579999923706055,-12.539999961853027
1766400137664102400,-0.908897705078125,-38.39999771118164,-17.520000457763672,-12.539999961853027
1766400137674112300,-0.8988876953125,-38.52000045776367,-16.559999465942383,-12.239999771118164
1766400137684121900,-0.888878173828125,-38.459999084472656,-17.15999984741211,-12.179999351501465
1766400137694162200,-0.878837890625,-37.91999816894531,-17.03999900817871,-12
1766400137704172000,-0.868827880859375,-37.380001068115234,-16.3799991607666,-11.460000038146973
1766400137714181600,-0.858818359375,-37.5,-16.619998931884766,-11.34000015258789
1766400137744241700,-0.82875830078125,-39.29999923706055,-16.079999923706055,-11.34000015258789
1766400137754251300,-0.818748779296875,-39,-16.5,-11.880000114440918
1766400137764291600,-0.80870849609375,-38.939998626708984,-16.85999870300293,-12.179999351501465
1766400137774301400,-0.798698486328125,-38.70000076293945,-17.279998779296875,-13.079999923706055
1766400137784311000,-0.78868896484375,-38.34000015258789,-17.639999389648438,-13.619999885559082
1766400137794321000,-0.77867919921875,-38.040000915527344,-17.34000015258789,-12.960000038146973
1766400137804361200,-0.768638671875,-37.68000030517578,-17.639999389648438,-12.420000076293945
1766400137814401500,-0.758598388671875,-37.380001068115234,-17.399999618530273,-11.75999927520752
1766400137834421000,-0.7385791015625,-36.47999954223633,-17.34000015258789,-11.279999732971191
1766400137854501600,-0.718498291015625,-36.05999755859375,-16.739999771118164,-12
1766400137864511200,-0.70848876953125,-36.47999954223633,-16.739999771118164,-12.59999942779541
1766400137874490600,-0.69850927734375,-37.13999938964844,-16.3799991607666,-12.059999465942383
1766400137884531000,-0.688468994140625,-38.459999084472656,-15.779999732971191,-11.699999809265137
1766400137894571300,-0.6784287109375,-37.73999786376953,-16.31999969482422,-11.579999923706055
1766400137904580900,-0.668419189453125,-37.31999969482422,-16.739999771118164,-11.460000038146973
1766400137914560300,-0.658439697265625,-37.55999755859375,-17.34000015258789,-12
1766400137924600300,-0.648399658203125,-37.73999786376953,-18.059999465942383,-12.119999885559082
1766400137944620000,-0.6283798828125,-38.7599983215332,-17.03999900817871,-12.300000190734863
1766400137964639500,-0.608360595703125,-37.97999954223633,-16.19999885559082,-12.899999618530273
1766400137974649300,-0.5983505859375,-37.2599983215332,-16.260000228881836,-12.779999732971191
1766400137984689700,-0.588310302734375,-36.540000915527344,-16.619998931884766,-13.139999389648438
1766400137994699300,-0.57830078125,-35.880001068115234,-16.3799991607666,-12.359999656677246
1766400138004709000,-0.568290771484375,-35.7599983215332,-17.15999984741211,-12.719999313354492
1766400138014718700,-0.55828125,-36.599998474121094,-17.520000457763672,-12.779999732971191
1766400138024728600,-0.548271484375,-37.55999755859375,-17.459999084472656,-12.300000190734863
1766400138054758000,-0.5182421875,-39.71999740600586,-16.440000534057617,-12.719999313354492
1766400138064767700,-0.508232177734375,-39.23999786376953,-16.260000228881836,-12.899999618530273
1766400138074808000,-0.49819189453125,-39,-16.440000534057617,-12.65999984741211
1766400138084848000,-0.48815185546875,-39.05999755859375,-16.260000228881836,-12.479999542236328
1766400138094888400,-0.478111572265625,-38.21999740600586,-16.440000534057617,-12.59999942779541
1766400138104867800,-0.468132080078125,-39.119998931884766,-15.719999313354492,-12.359999656677246
1766400138114877400,-0.45812255859375,-38.39999771118164,-15.479999542236328,-12.539999961853027
1766400138124917800,-0.448082275390625,-38.57999801635742,-15,-12.899999618530273
1766400138154947000,-0.418052978515625,-37.73999786376953,-13.25999927520752,-12.779999732971191
1766400138164987400,-0.4080126953125,-37.73999786376953,-12.239999771118164,-12.479999542236328
1766400138174997200,-0.398002685546875,-38.040000915527344,-11.460000038146973,-13.199999809265137
1766400138185006800,-0.3879931640625,-39,-10.380000114440918,-13.139999389648438
1766400138195077600,-0.37792236328125,-39.29999923706055,-9.65999984741211,-13.019999504089355
1766400138205087500,-0.36791259765625,-38.63999938964844,-9.359999656677246,-13.5
1766400138215097300,-0.357902587890625,-39.23999786376953,-8.880000114440918,-13.319999694824219
1766400138225107000,-0.34789306640625,-39.89999771118164,-8.34000015258789,-13.4399995803833
1766400138335336400,-0.23766357421875,-39.47999954223633,1.3199999332427979,-13.139999389648438
1766400138345346300,-0.22765380859375,-40.55999755859375,2.3999998569488525,-12.960000038146973
1766400138355386600,-0.21761328125,-40.79999923706055,3.299999952316284,-12.65999984741211
1766400138375467300,-0.19753271484375,-42.119998931884766,5.460000038146973,-12.239999771118164
1766400138385446400,-0.1875537109375,-42.119998931884766,6.480000019073486,-12.179999351501465
1766400138430551300,-0.14244873046875,-40.5,11.75999927520752,-7.980000019073486
1766400138440591600,-0.132408447265625,-40.31999969482422,12.960000038146973,-8.09999942779541
1766400138450571000,-0.122428955078125,-41.15999984741211,14.519999504089355,-8.09999942779541
1766400138490671000,-0.082328857421875,-41.040000915527344,19.19999885559082,-4.859999656677246
1766400138500711200,-0.072288818359375,-41.040000915527344,20.100000381469727,-4.019999980926514
1766400138510721000,-0.062279052734375,-40.31999969482422,21.239999771118164,-2.0999999046325684
1766400138560861400,-0.012138671875,-37.380001068115234,25.01999855041504,2.0999999046325684
1766400138600961500,0.02796142578125,-36.959999084472656,26.459999084472656,5.339999675750732
1766400138610971400,0.037971435546875,-36.84000015258789,27.119998931884766,6.779999732971191
1766400138621011500,0.048011474609375,-36.47999954223633,27.84000015258789,7.799999713897705
1766400138681192200,0.108192138671875,-34.68000030517578,28.5,13.079999923706055
1766400138721292300,0.148292236328125,-32.939998626708984,29.639999389648438,16.139999389648438
1766400138751413200,0.178413330078125,-31.3799991607666,30.65999984741211,18.420000076293945
1766400138811563300,0.238563232421875,-26.459999084472656,31.920000076293945,23.34000015258789
1766400138821603600,0.248603515625,-24.420000076293945,32.34000015258789,24.18000030517578
1766400138891824600,0.31882470703125,-15.179999351501465,33.89999771118164,29.219999313354492
1766400138921915000,0.348914794921875,-11.880000114440918,33.89999771118164,32.15999984741211
1766400138971994000,0.398994140625,-7.079999923706055,32.15999984741211,34.380001068115234
1766400138992074800,0.41907470703125,-6.480000019073486,32.15999984741211,34.619998931884766
1766400139002084600,0.429084716796875,-5.940000057220459,32.040000915527344,34.2599983215332
1766400139012094200,0.43909423828125,-5.159999847412109,31.85999870300293,35.70000076293945
1766400139022134500,0.449134521484375,-5.039999961853027,31.3799991607666,35.880001068115234
1766400139032114000,0.459114013671875,-4.319999694824219,31.3799991607666,35.81999969482422
1766400139052133400,0.47913330078125,-3.5999999046325684,30.899999618530273,35.34000015258789
1766400139062173700,0.489173583984375,-3.299999952316284,30.35999870300293,35.279998779296875
1766400139112283600,0.53928369140625,-2.759999990463257,31.31999969482422,37.31999969482422
1766400139122323700,0.54932373046875,-2.4600000381469727,31.079999923706055,37.68000030517578
1766400139132333600,0.55933349609375,-2.3999998569488525,30.899999618530273,37.68000030517578
1766400139152475100,0.57947509765625,-1.3199999332427979,30.119998931884766,38.15999984741211
1766400139162454500,0.58945458984375,-0.7199999690055847,30.35999870300293,38.39999771118164
1766400139172464000,0.599464111328125,-0.23999999463558197,29.51999855041504,38.63999938964844
1766400139182474000,0.609473876953125,0.41999998688697815,30.119998931884766,39.29999923706055
1766400139192483800,0.61948388671875,0.8399999737739563,30.17999839782715,39.05999755859375
1766400139202493400,0.629493408203125,0.8399999737739563,30.119998931884766,39.47999954223633
1766400139212503300,0.63950341796875,0.7799999713897705,30.420000076293945,39.599998474121094
1766400139222513200,0.64951318359375,0.29999998211860657,30.239999771118164,39.540000915527344
1766400139232492300,0.6594921875,0.8399999737739563,30.119998931884766,39.959999084472656
1766400139242532600,0.66953271484375,1.6200000047683716,30,39.540000915527344
1766400139262582500,0.68958251953125,2.759999990463257,30.059999465942383,39.599998474121094
1766400139272592400,0.69959228515625,2.819999933242798,28.85999870300293,38.63999938964844
1766400139282663200,0.7096630859375,3.5399999618530273,28.5,38.70000076293945
1766400139292673000,0.719673095703125,4.199999809265137,28.5,38.7599983215332
1766400139302713300,0.72971337890625,4.019999980926514,27.719999313354492,38.81999969482422
1766400139312692500,0.7396923828125,3.5399999618530273,28.5,39.36000061035156
1766400139322732800,0.74973291015625,3.059999942779541,28.739999771118164,39.540000915527344
1766400139342782700,0.76978271484375,1.9199999570846558,29.03999900817871,39.18000030517578
1766400139362802400,0.789802490234375,2.879999876022339,28.260000228881836,39.23999786376953
1766400139372812000,0.79981201171875,3.5999999046325684,28.31999969482422,39.65999984741211
1766400139382822000,0.80982177734375,4.019999980926514,28.85999870300293,39.89999771118164
1766400139392831700,0.819831787109375,3.359999895095825,28.920000076293945,40.20000076293945
1766400139402841300,0.82984130859375,3.5999999046325684,29.03999900817871,40.5
1766400139412851200,0.839851318359375,3.359999895095825,28.68000030517578,40.68000030517578
1766400139422861000,0.849861083984375,3.7799999713897705,28.31999969482422,41.040000915527344
1766400139432840200,0.859840087890625,5.279999732971191,28.139999389648438,41.34000015258789
1766400139442880500,0.869880615234375,5.279999732971191,28.19999885559082,41.040000915527344
1766400139472940300,0.899940185546875,6.960000038146973,28.3799991607666,40.68000030517578
1766400139482980600,0.909980712890625,6.779999732971191,28.139999389648438,41.099998474121094
1766400139493021000,0.92002099609375,6.059999942779541,27.599998474121094,40.68000030517578
1766400139503030500,0.930030517578125,5.339999675750732,27.479999542236328,40.73999786376953
1766400139513010000,0.940010009765625,5.279999732971191,27.719999313354492,41.21999740600586
1766400139523080700,0.950080810546875,5.159999847412109,27.65999984741211,41.39999771118164
1766400139533090300,0.96009033203125,5.400000095367432,27.84000015258789,41.279998779296875
1766400139543130600,0.970130615234375,5.759999752044678,27.899999618530273,41.57999801635742
1766400139573190400,1.0001904296875,7.619999885559082,26.579999923706055,41.39999771118164
1766400139583230700,1.010230712890625,7.079999923706055,26.34000015258789,41.21999740600586
1766400139593240600,1.020240478515625,6.119999885559082,26.81999969482422,41.15999984741211
1766400139603250400,1.03025048828125,5.759999752044678,27.299999237060547,40.619998931884766
1766400139613260000,1.040260009765625,5.21999979019165,27.899999618530273,40.439998626708984
1766400139623270000,1.050269775390625,5.699999809265137,28.01999855041504,40.79999923706055
1766400139633279700,1.06027978515625,5.21999979019165,27.420000076293945,40.97999954223633
1766400139643319800,1.07031982421875,5.339999675750732,27.599998474121094,41.34000015258789
1766400139673349000,1.10034912109375,6.779999732971191,27.599998474121094,40.79999923706055
1766400139683389400,1.110389404296875,7.5,27.719999313354492,40.91999816894531
1766400139693399300,1.1203994140625,8.639999389648438,27.599998474121094,41.099998474121094
1766400139703470000,1.130469970703125,8.519999504089355,27,41.15999984741211
1766400139713480000,1.14047998046875,7.859999656677246,27.479999542236328,40.68000030517578
1766400139723550700,1.15055078125,7.37999963760376,27.599998474121094,40.13999938964844
1766400139733591000,1.160591064453125,6.359999656677246,27.959999084472656,40.20000076293945
1766400139743600600,1.1706005859375,5.460000038146973,28.31999969482422,40.2599983215332
1766400139753610500,1.180610595703125,5.159999847412109,28.139999389648438,40.07999801635742
1766400139773660400,1.200660400390625,3.9599997997283936,28.139999389648438,39.05999755859375
1766400139783731200,1.210731201171875,3.7200000286102295,28.979999542236328,38.7599983215332
1766400139793710600,1.220710693359375,3.119999885559082,29.579999923706055,38.63999938964844
1766400139803781400,1.230781494140625,3.5399999618530273,30.35999870300293,38.34000015258789
1766400139813821700,1.24082177734375,1.7400000095367432,31.01999855041504,38.21999740600586
1766400139823862000,1.250862060546875,0.11999999731779099,31.559999465942383,37.68000030517578
1766400139833841200,1.260841064453125,-1.3199999332427979,31.979999542236328,37.07999801635742
1766400139843881500,1.270881591796875,-2.93999981880188,32.81999969482422,36.540000915527344
1766400139853891300,1.280891357421875,-3.5399999618530273,33.29999923706055,36.18000030517578
1766400139873880300,1.30088037109375,-3.9599997997283936,35.15999984741211,35.040000915527344
1766400139903940000,1.330940185546875,-7.019999980926514,36.540000915527344,32.39999771118164
1766400139913949700,1.34094970703125,-8.699999809265137,37.439998626708984,31.31999969482422
1766400139923959600,1.35095947265625,-9.84000015258789,37.619998931884766,30.35999870300293
1766400139933969400,1.360969482421875,-11.399999618530273,38.57999801635742,29.219999313354492
1766400139944009700,1.371009765625,-12.359999656677246,39,28.31999969482422
1766400139953988900,1.38098876953125,-13.199999809265137,39.71999740600586,27.719999313354492
1766400139964029200,1.391029296875,-14.039999961853027,40.13999938964844,26.279998779296875
1766400139994058500,1.42105859375,-15.059999465942383,41.39999771118164,22.920000076293945
1766400140004098800,1.431098876953125,-15.539999961853027,42.29999923706055,22.139999389648438
1766400140024118300,1.4511181640625,-15.59999942779541,42.71999740600586,21.119998931884766
1766400140034128100,1.461128173828125,-16.260000228881836,42.71999740600586,19.619998931884766
1766400140044168200,1.471168212890625,-16.799999237060547,42.779998779296875,18.420000076293945
1766400140054178000,1.481177978515625,-17.279998779296875,42.959999084472656,16.920000076293945
1766400140064218400,1.49121826171875,-17.81999969482422,43.619998931884766,15.119999885559082
1766400140074258700,1.5012587890625,-18.299999237060547,44.279998779296875,14.75999927520752
1766400140094278100,1.521278076171875,-16.799999237060547,45.05999755859375,12.899999618530273
1766400140124429600,1.5514296875,-13.079999923706055,45.89999771118164,11.219999313354492
1766400140134408700,1.56140869140625,-11.819999694824219,45.89999771118164,10.5
1766400140144418600,1.57141845703125,-10.559999465942383,46.20000076293945,9.539999961853027
1766400140154428400,1.581428466796875,-9.179999351501465,46.73999786376953,8.819999694824219
1766400140174478300,1.601478271484375,-7.319999694824219,48.18000030517578,7.679999828338623
1766400140224618800,1.65161865234375,0.47999998927116394,47.52000045776367,4.319999694824219
1766400140234628600,1.661628662109375,1.6799999475479126,47.70000076293945,3.7799999713897705
1766400140244638200,1.67163818359375,2.1599998474121094,47.39999771118164,2.819999933242798
1766400140254648000,1.68164794921875,2.3399999141693115,47.279998779296875,2.4600000381469727
1766400140264688400,1.6916884765625,3.4800000190734863,46.37999725341797,1.8600000143051147
1766400140274667500,1.70166748046875,4.019999980926514,45.599998474121094,1.6200000047683716
1766400140284707800,1.711707763671875,5.279999732971191,45.18000030517578,1.5
1766400140294717700,1.7217177734375,6.179999828338623,45.47999954223633,1.0799999237060547
1766400140334848300,1.76184814453125,10.079999923706055,44.939998626708984,-1.9199999570846558
1766400140344888600,1.771888671875,10.199999809265137,44.57999801635742,-2.759999990463257
1766400140354929000,1.781928955078125,10.199999809265137,44.39999771118164,-3.5399999618530273
1766400140374978800,1.801978759765625,9.59999942779541,43.68000030517578,-5.159999847412109
1766400140384988700,1.81198876953125,10.319999694824219,43.91999816894531,-5.21999979019165
1766400140415079000,1.842078857421875,13.5,44.34000015258789,-6.179999828338623
1766400140445138700,1.872138671875,13.079999923706055,42.540000915527344,-7.619999885559082
1766400140455148500,1.8821484375,13.019999504089355,42.89999771118164,-8.639999389648438
1766400140465188900,1.89218896484375,12.119999885559082,42.89999771118164,-9.479999542236328
1766400140475198500,1.902198486328125,11.519999504089355,43.55999755859375,-9.65999984741211
1766400140485238800,1.91223876953125,11.639999389648438,43.5,-10.319999694824219
1766400140525369600,1.95236962890625,12.84000015258789,42.47999954223633,-12.65999984741211
1766400140535409700,1.96240966796875,12.779999732971191,42.41999816894531,-13.079999923706055
1766400140545419500,1.97241943359375,12.059999465942383,42.05999755859375,-13.559999465942383
1766400140555429400,1.982429443359375,11.460000038146973,41.87999725341797,-14.460000038146973
1766400140565500200,1.992500244140625,10.559999465942383,42.119998931884766,-15
1766400140575509800,2.002509765625,9.779999732971191,42.119998931884766,-15.719999313354492
1766400140585550000,2.012550048828125,9.779999732971191,42.599998474121094,-15.719999313354492
1766400140615640600,2.042640625,11.579999923706055,42.23999786376953,-16.020000457763672
1766400140635690500,2.0626904296875,13.079999923706055,40.91999816894531,-17.579999923706055
1766400140645730800,2.072730712890625,12.84000015258789,39.84000015258789,-18.299999237060547
1766400140655740700,2.08274072265625,12.719999313354492,38.57999801635742,-19.85999870300293
1766400140665750300,2.092750244140625,12.960000038146973,38.15999984741211,-20.399999618530273
1766400140675790600,2.10279052734375,12.65999984741211,37.86000061035156,-20.81999969482422
1766400140685861400,2.112861328125,13.139999389648438,38.040000915527344,-21.119998931884766
1766400140695871200,2.122871337890625,13.799999237060547,37.5,-21.479999542236328
1766400140715890700,2.142890625,16.139999389648438,36,-23.459999084472656
1766400140755990800,2.18299072265625,16.979999542236328,33.84000015258789,-26.219999313354492
1766400140776041000,2.203041015625,17.940000534057617,33.119998931884766,-26.399999618530273
1766400140786081300,2.213081298828125,17.69999885559082,33.18000030517578,-26.34000015258789
1766400140806161700,2.23316162109375,16.979999542236328,32.459999084472656,-26.81999969482422
1766400140836252200,2.263252197265625,15.899999618530273,31.19999885559082,-28.139999389648438
1766400140846323000,2.273322998046875,16.31999969482422,31.31999969482422,-27.84000015258789
1766400140856332500,2.28333251953125,16.260000228881836,31.079999923706055,-28.559999465942383
1766400140866372900,2.293372802734375,16.3799991607666,30.779998779296875,-28.559999465942383
1766400140886453500,2.31345361328125,15.59999942779541,31.5,-28.85999870300293
1766400140896432600,2.3234326171875,15.839999198913574,31.439998626708984,-28.619998931884766
1766400140906473000,2.333472900390625,15.839999198913574,31.739999771118164,-28.559999465942383
1766400140916482800,2.34348291015625,16.020000457763672,32.15999984741211,-28.68000030517578
1766400140936502300,2.363502197265625,16.079999923706055,31.260000228881836,-28.920000076293945
1766400140956552400,2.383552490234375,15.779999732971191,31.19999885559082,-28.68000030517578
1766400140966592500,2.393592529296875,15.479999542236328,31.01999855041504,-28.739999771118164
1766400140976602400,2.403602294921875,15.239999771118164,31.19999885559082,-29.34000015258789
1766400140986612200,2.4136123046875,15.239999771118164,30.84000015258789,-29.51999855041504
1766400140996621800,2.423621826171875,15.539999961853027,30.420000076293945,-29.639999389648438
1766400141006662100,2.433662109375,15.779999732971191,30.959999084472656,-29.81999969482422
1766400141016672000,2.443672119140625,15.779999732971191,30.719999313354492,-29.15999984741211
1766400141056772000,2.483772216796875,13.979999542236328,31.85999870300293,-29.34000015258789
1766400141066812400,2.4938125,14.880000114440918,32.15999984741211,-29.459999084472656
1766400141076791600,2.50379150390625,14.519999504089355,32.15999984741211,-29.099998474121094
1766400141086801400,2.513801513671875,14.639999389648438,31.67999839782715,-28.68000030517578
1766400141096841700,2.523841796875,14.699999809265137,31.559999465942383,-28.5
1766400141106882000,2.533882080078125,14.34000015258789,30.899999618530273,-28.31999969482422
1766400141116891600,2.5438916015625,14.34000015258789,30.84000015258789,-29.03999900817871
1766400141126932000,2.553931884765625,13.979999542236328,31.260000228881836,-29.34000015258789
1766400141177042000,2.6040419921875,15.960000038146973,30.899999618530273,-29.34000015258789
1766400141187082200,2.614082275390625,15.479999542236328,31.260000228881836,-28.739999771118164
1766400141197061400,2.624061279296875,14.9399995803833,31.31999969482422,-28.979999542236328
1766400141207132200,2.634132080078125,15,31.739999771118164,-28.979999542236328
1766400141217142000,2.64414208984375,15.299999237060547,32.39999771118164,-28.5
1766400141227151600,2.654151611328125,15.839999198913574,32.15999984741211,-28.799999237060547
1766400141257211600,2.684211669921875,15.539999961853027,31.920000076293945,-28.739999771118164
1766400141267221200,2.69422119140625,15.65999984741211,32.099998474121094,-28.619998931884766
1766400141277231000,2.704231201171875,15.239999771118164,32.81999969482422,-28.19999885559082
1766400141287302000,2.714302001953125,15.719999313354492,32.7599983215332,-27.959999084472656
1766400141297311700,2.724311767578125,16.739999771118164,32.70000076293945,-27.719999313354492
1766400141307351800,2.734351806640625,16.799999237060547,32.39999771118164,-27.65999984741211
1766400141317392100,2.74439208984375,16.19999885559082,32.040000915527344,-28.439998626708984
1766400141327432400,2.754432373046875,15.839999198913574,32.34000015258789,-28.68000030517578
1766400141367532500,2.794532470703125,14.09999942779541,33.119998931884766,-28.260000228881836
1766400141377572900,2.80457275390625,14.219999313354492,33.540000915527344,-28.079999923706055
1766400141397622800,2.824622802734375,13.380000114440918,33.959999084472656,-28.439998626708984
1766400141407632600,2.834632568359375,13.019999504089355,33.599998474121094,-29.03999900817871
1766400141417642500,2.844642578125,12.359999656677246,33.119998931884766,-29.219999313354492
1766400141427682800,2.854682861328125,12.59999942779541,32.7599983215332,-28.68000030517578
1766400141437723000,2.864722900390625,12.359999656677246,32.63999938964844,-28.559999465942383
1766400141467783000,2.894782958984375,11.9399995803833,33.36000061035156,-28.260000228881836
1766400141487863300,2.91486328125,12.719999313354492,33.119998931884766,-28.01999855041504
1766400141497903600,2.924903564453125,12.300000190734863,33.119998931884766,-27.84000015258789
1766400141507944000,2.93494384765625,12.239999771118164,33.119998931884766,-27.899999618530273
1766400141517953800,2.944953857421875,11.75999927520752,33.71999740600586,-27.53999900817871
1766400141527963400,2.95496337890625,11.880000114440918,33.540000915527344,-28.079999923706055
1766400141537973200,2.96497314453125,12.420000076293945,33.779998779296875,-27.65999984741211
1766400141548013600,2.975013671875,12.59999942779541,33.599998474121094,-27.65999984741211
1766400141588113700,3.01511376953125,12.539999961853027,34.91999816894531,-28.619998931884766
1766400141608133000,3.035133056640625,13.019999504089355,34.02000045776367,-29.099998474121094
1766400141618143000,3.04514306640625,13.799999237060547,34.07999801635742,-28.559999465942383
1766400141628152600,3.055152587890625,13.679999351501465,33.47999954223633,-28.920000076293945
1766400141638162400,3.065162353515625,12.65999984741211,33.36000061035156,-29.399999618530273
1766400141648202800,3.07520263671875,12,33.84000015258789,-29.34000015258789
1766400141668222200,3.09522216796875,11.75999927520752,34.73999786376953,-29.15999984741211
1766400141678232000,3.105232177734375,12.059999465942383,34.79999923706055,-28.979999542236328
1766400141688302800,3.115302734375,12.779999732971191,34.5,-28.3799991607666
1766400141698312700,3.125312744140625,12.899999618530273,34.13999938964844,-27.719999313354492
1766400141708322300,3.135322265625,12.84000015258789,33.47999954223633,-28.3799991607666
1766400141718332200,3.145332275390625,12.059999465942383,33.540000915527344,-28.3799991607666
1766400141728342000,3.155342041015625,11.399999618530273,33.84000015258789,-28.619998931884766
1766400141738351600,3.1653515625,10.859999656677246,33.65999984741211,-29.279998779296875
1766400141748361500,3.175361572265625,10.139999389648438,33.84000015258789,-28.979999542236328
1766400141758371000,3.18537109375,10.979999542236328,33.599998474121094,-28.559999465942383
1766400141798410200,3.22541015625,10.199999809265137,34.619998931884766,-27.779998779296875
1766400141808420000,3.235420166015625,10.260000228881836,34.13999938964844,-27.719999313354492
1766400141818429700,3.2454296875,9.719999313354492,33.84000015258789,-28.439998626708984
1766400141828470000,3.255469970703125,9.719999313354492,33.84000015258789,-28.01999855041504
1766400141838449400,3.265449462890625,9.65999984741211,34.13999938964844,-28.31999969482422
1766400141848489500,3.275489501953125,10.260000228881836,34.55999755859375,-28.5
1766400141858499300,3.285499267578125,10.079999923706055,34.55999755859375,-28.68000030517578
1766400141888589800,3.31558984375,10.019999504089355,34.97999954223633,-29.03999900817871
1766400141898599400,3.325599365234375,10.800000190734863,34.86000061035156,-28.739999771118164
1766400141908609300,3.335609375,11.399999618530273,34.91999816894531,-28.19999885559082
1766400141918649600,3.345649658203125,11.279999732971191,34.2599983215332,-28.68000030517578
1766400141928690000,3.35568994140625,12,33.29999923706055,-28.799999237060547
1766400141938699500,3.365699462890625,11.09999942779541,33.36000061035156,-29.099998474121094
1766400141948739800,3.37573974609375,9.899999618530273,33.36000061035156,-28.799999237060547
1766400141958749700,3.385749755859375,9.420000076293945,33.36000061035156,-28.739999771118164
1766400141978769200,3.40576904296875,8.399999618530273,33.779998779296875,-28.739999771118164
1766400141998788600,3.42578857421875,8.579999923706055,34.380001068115234,-28.619998931884766
1766400142008798500,3.435798583984375,8.519999504089355,34.439998626708984,-28.799999237060547
1766400142018777600,3.445777587890625,8.220000267028809,34.380001068115234,-29.099998474121094
1766400142028787500,3.455787353515625,8.09999942779541,34.13999938964844,-29.279998779296875
1766400142038797300,3.46579736328125,8.09999942779541,33.959999084472656,-29.34000015258789
1766400142048837400,3.47583740234375,8.519999504089355,33.71999740600586,-28.739999771118164
1766400142058877700,3.485877685546875,8.699999809265137,33.599998474121094,-28.439998626708984
1766400142068887600,3.495887451171875,7.980000019073486,34.02000045776367,-28.19999885559082
1766400142088907000,3.515906982421875,7.859999656677246,34.380001068115234,-28.559999465942383
1766400142118966800,3.545966796875,5.819999694824219,35.7599983215332,-28.85999870300293
1766400142139017000,3.566016845703125,5.699999809265137,35.040000915527344,-28.260000228881836
1766400142149026800,3.57602685546875,5.279999732971191,34.97999954223633,-28.5
1766400142159067000,3.58606689453125,4.019999980926514,34.86000061035156,-28.139999389648438
1766400142169076700,3.59607666015625,3.7799999713897705,35.099998474121094,-28.85999870300293
1766400142179086600,3.606086669921875,3.5999999046325684,34.97999954223633,-29.03999900817871
1766400142199106000,3.62610595703125,3.7200000286102295,35.63999938964844,-28.85999870300293
1766400142209146400,3.636146484375,3.059999942779541,35.63999938964844,-28.439998626708984
1766400142219186700,3.646186767578125,2.2200000286102295,36.29999923706055,-28.31999969482422
1766400142229227000,3.65622705078125,1.6200000047683716,35.939998626708984,-28.260000228881836
1766400142239236600,3.666236572265625,0.9599999785423279,35.7599983215332,-28.260000228881836
1766400142249246500,3.67624658203125,1.0199999809265137,35.52000045776367,-28.5
1766400142259256300,3.68625634765625,0.47999998927116394,35.15999984741211,-28.68000030517578
1766400142269296400,3.69629638671875,0,35.15999984741211,-28.31999969482422
1766400142279306200,3.70630615234375,0.11999999731779099,34.73999786376953,-28.619998931884766
1766400142309335600,3.73633544921875,0.47999998927116394,35.459999084472656,-28.559999465942383
1766400142319406300,3.74640625,-0.29999998211860657,35.7599983215332,-28.19999885559082
1766400142329416200,3.756416259765625,-0.17999999225139618,36.119998931884766,-28.260000228881836
1766400142339425800,3.76642578125,-1.3199999332427979,36.47999954223633,-28.559999465942383
1766400142349466000,3.776466064453125,-1.1399999856948853,37.13999938964844,-27.959999084472656
1766400142359476000,3.78647607421875,-0.5399999618530273,37.07999801635742,-28.3799991607666
1766400142369485600,3.796485595703125,-1.559999942779541,36.540000915527344,-28.139999389648438
1766400142379495400,3.806495361328125,-0.8399999737739563,35.880001068115234,-28.01999855041504
1766400142389535700,3.81653564453125,-0.8399999737739563,35.39999771118164,-28.260000228881836
1766400142449655300,3.8766552734375,3.299999952316284,36.84000015258789,-28.799999237060547
1766400142469705500,3.89670556640625,3.359999895095825,36.05999755859375,-29.399999618530273
1766400142479745800,3.906745849609375,3,35.939998626708984,-29.34000015258789
1766400142489786000,3.9167861328125,3.5999999046325684,35.63999938964844,-28.68000030517578
1766400142499795700,3.926795654296875,4.199999809265137,35.57999801635742,-28.920000076293945
1766400142529855500,3.95685546875,5.039999961853027,35.099998474121094,-28.85999870300293
1766400142539865300,3.966865234375,5.279999732971191,35.040000915527344,-28.5
1766400142549875200,3.976875244140625,5.519999980926514,35.21999740600586,-28.439998626708984
1766400142559884800,3.986884765625,5.87999963760376,35.81999969482422,-28.139999389648438
1766400142569894700,3.996894775390625,6.299999713897705,34.73999786376953,-28.260000228881836
1766400142579935000,4.00693505859375,6.599999904632568,34.68000030517578,-28.3799991607666
1766400142590005800,4.017005859375,6.599999904632568,34.91999816894531,-28.5
1766400142600015400,4.027015380859375,5.819999694824219,34.73999786376953,-28.559999465942383
1766400142650125300,4.077125244140625,5.699999809265137,34.68000030517578,-29.219999313354492
1766400142660135200,4.08713525390625,5.699999809265137,34.97999954223633,-29.219999313354492
1766400142670144800,4.097144775390625,5.940000057220459,34.619998931884766,-28.5
1766400142680185000,4.10718505859375,5.460000038146973,34.439998626708984,-28.68000030517578
1766400142690195000,4.11719482421875,5.21999979019165,34.619998931884766,-28.559999465942383
1766400142700204800,4.127204833984375,4.739999771118164,34.5,-28.619998931884766
1766400142730264600,4.1572646484375,5.339999675750732,33.71999740600586,-29.279998779296875
1766400142740274200,4.167274169921875,5.759999752044678,33.89999771118164,-29.099998474121094
1766400142750314500,4.177314453125,6.239999771118164,34.02000045776367,-29.579999923706055
1766400142760324400,4.187324462890625,5.759999752044678,34.20000076293945,-29.639999389648438
1766400142770334200,4.197334228515625,6.299999713897705,34.02000045776367,-30.059999465942383
1766400142780343800,4.20734375,6.599999904632568,33,-30.779998779296875
1766400142790353700,4.217353759765625,6.480000019073486,32.57999801635742,-30.299999237060547
1766400142800455000,4.227454833984375,6,33.18000030517578,-30
1766400142810464800,4.23746484375,5.099999904632568,32.939998626708984,-30.059999465942383
1766400142840494000,4.267494140625,3.5999999046325684,33.959999084472656,-30.17999839782715
1766400142850564900,4.27756494140625,3.9599997997283936,34.02000045776367,-30.17999839782715
1766400142860574500,4.287574462890625,4.619999885559082,33.65999984741211,-30.17999839782715
1766400142870645200,4.297645263671875,5.099999904632568,33.65999984741211,-29.8799991607666
1766400142880655000,4.307655029296875,5.400000095367432,33.89999771118164,-29.69999885559082
1766400142890726000,4.317725830078125,5.819999694824219,34.20000076293945,-28.920000076293945
1766400142900735700,4.32773583984375,6.480000019073486,34.5,-28.799999237060547
1766400142910715000,4.33771484375,6.420000076293945,34.439998626708984,-28.799999237060547
1766400142950845400,4.377845458984375,4.019999980926514,34.619998931884766,-30.239999771118164
1766400142960885800,4.3878857421875,3.5999999046325684,34.97999954223633,-29.939998626708984
1766400142970956500,4.39795654296875,3.5399999618530273,34.439998626708984,-29.939998626708984
1766400142980936000,4.40793603515625,3.359999895095825,34.55999755859375,-29.8799991607666
1766400142990976300,4.417976318359375,3.7200000286102295,34.68000030517578,-29.219999313354492
1766400143001047000,4.428047119140625,3.7799999713897705,34.439998626708984,-29.34000015258789
1766400143011056600,4.438056640625,4.079999923706055,34.439998626708984,-29.279998779296875
1766400143041086000,4.4680859375,4.559999942779541,35.15999984741211,-29.099998474121094
1766400143051095800,4.478095703125,4.259999752044678,35.21999740600586,-29.03999900817871
1766400143061136100,4.48813623046875,5.279999732971191,34.97999954223633,-28.920000076293945
1766400143071145700,4.498145751953125,5.759999752044678,34.02000045776367,-29.219999313354492
1766400143081155600,4.508155517578125,5.819999694824219,33.29999923706055,-29.15999984741211
1766400143091196000,4.51819580078125,5.87999963760376,33.47999954223633,-29.639999389648438
1766400143101205800,4.528205810546875,5.21999979019165,33.119998931884766,-29.939998626708984
1766400143111245800,4.538245849609375,4.079999923706055,33,-29.939998626708984
1766400143121255700,4.548255615234375,3.179999828338623,33.36000061035156,-30.479999542236328
1766400143151315500,4.5783154296875,3.9599997997283936,34.20000076293945,-29.15999984741211
1766400143161325300,4.5883251953125,3.9599997997283936,34.5,-28.920000076293945
1766400143171335200,4.598335205078125,3.8399999141693115,34.20000076293945,-29.399999618530273
1766400143181375200,4.608375244140625,3.059999942779541,33.959999084472656,-29.459999084472656
1766400143191385000,4.618385009765625,2.2200000286102295,34.97999954223633,-29.579999923706055
1766400143201395000,4.62839501953125,2.700000047683716,34.439998626708984,-29.51999855041504
1766400143211404500,4.638404541015625,2.4600000381469727,34.5,-29.34000015258789
1766400143221414400,4.648414306640625,3.179999828338623,34.91999816894531,-29.579999923706055
1766400143241464600,4.668464599609375,2.93999981880188,34.73999786376953,-30.059999465942383
1766400143251474200,4.67847412109375,3.419999837875366,34.79999923706055,-29.8799991607666
1766400143261484000,4.688484130859375,3.6599998474121094,34.73999786376953,-29.099998474121094
1766400143271463200,4.698463134765625,3.7200000286102295,35.099998474121094,-28.920000076293945
1766400143281503500,4.70850341796875,3.4800000190734863,34.86000061035156,-28.85999870300293
1766400143291543800,4.718543701171875,3.7799999713897705,34.31999969482422,-28.68000030517578
1766400143301523000,4.72852294921875,3,34.68000030517578,-28.68000030517578
1766400143311532800,4.73853271484375,2.5199999809265137,34.07999801635742,-29.099998474121094
1766400143321634000,4.748634033203125,2.700000047683716,34.5,-29.399999618530273
1766400143341653800,4.76865380859375,2.93999981880188,34.5,-29.81999969482422
1766400143351693800,4.77869384765625,3.299999952316284,34.97999954223633,-29.939998626708984
1766400143361764900,4.788764892578125,3.240000009536743,34.97999954223633,-29.459999084472656
1766400143371805000,4.798804931640625,3.059999942779541,34.55999755859375,-29.760000228881836
1766400143381814800,4.808814697265625,2.819999933242798,34.439998626708984,-29.939998626708984
1766400143391824600,4.81882470703125,2.700000047683716,34.439998626708984,-29.15999984741211
1766400143401834200,4.828834228515625,2.759999990463257,34.439998626708984,-29.579999923706055
1766400143411874600,4.83887451171875,2.879999876022339,34.380001068115234,-29.8799991607666
1766400143421884400,4.848884521484375,3.059999942779541,35.21999740600586,-29.51999855041504
1766400143451913700,4.878913818359375,4.199999809265137,34.619998931884766,-29.399999618530273
1766400143461923300,4.88892333984375,3.9599997997283936,33.779998779296875,-29.939998626708984
1766400143471963600,4.898963623046875,3.359999895095825,34.20000076293945,-30.239999771118164
1766400143482034400,4.909034423828125,3.119999885559082,34.380001068115234,-30.35999870300293
1766400143492074800,4.91907470703125,2.5799999237060547,34.619998931884766,-30.719999313354492
1766400143502084600,4.929084716796875,2.5199999809265137,35.040000915527344,-30.719999313354492
1766400143512094200,4.93909423828125,2.93999981880188,34.439998626708984,-30.35999870300293
1766400143522134500,4.949134521484375,3.119999885559082,34.2599983215332,-30.299999237060547
1766400143532174800,4.9591748046875,3.6599998474121094,33.84000015258789,-29.939998626708984
1766400143562234600,4.989234619140625,4.079999923706055,34.02000045776367,-29.8799991607666
1766400143572244500,4.999244384765625,3.5399999618530273,33.84000015258789,-30.53999900817871
1766400143582254300,5.00925439453125,3,33.84000015258789,-30.779998779296875
1766400143592233500,5.0192333984375,2.5199999809265137,33.65999984741211,-31.5
1766400143602273800,5.029273681640625,2.5199999809265137,34.02000045776367,-30.959999084472656
1766400143612344600,5.039344482421875,2.819999933242798,34.439998626708984,-30.17999839782715
1766400143622385000,5.049385009765625,2.6399998664855957,34.73999786376953,-30.299999237060547
1766400143642404400,5.069404296875,3.4800000190734863,34.07999801635742,-30.239999771118164
1766400143682535000,5.109534912109375,5.279999732971191,33.540000915527344,-30.420000076293945
1766400143692605700,5.119605712890625,4.679999828338623,33.71999740600586,-29.939998626708984
1766400143702585000,5.129585205078125,4.259999752044678,33.23999786376953,-30.35999870300293
1766400143712625400,5.13962548828125,3.4800000190734863,33.29999923706055,-30.84000015258789
1766400143722635000,5.149635009765625,3.5399999618530273,33.36000061035156,-30.899999618530273
1766400143732675300,5.15967529296875,2.879999876022339,33.29999923706055,-30.420000076293945
1766400143742685200,5.169685302734375,3,33.36000061035156,-30.119998931884766
1766400143752695000,5.179695068359375,3.119999885559082,33,-30.53999900817871
1766400143772745000,5.199744873046875,5.159999847412109,33.05999755859375,-30.299999237060547
1766400143782754800,5.2097548828125,4.739999771118164,33.18000030517578,-30.299999237060547
1766400143792825600,5.21982568359375,4.319999694824219,33.599998474121094,-30.059999465942383
1766400143802835200,5.229835205078125,3.4800000190734863,33.47999954223633,-30.65999984741211
1766400143812845000,5.239844970703125,2.759999990463257,33.84000015258789,-30.779998779296875
1766400143822855000,5.24985498046875,3.299999952316284,34.619998931884766,-30.959999084472656
1766400143832864500,5.259864501953125,4.199999809265137,34.5,-30.420000076293945
1766400143842874400,5.269874267578125,4.679999828338623,34.5,-29.8799991607666
1766400143852945200,5.279945068359375,4.799999713897705,34.20000076293945,-30.17999839782715
1766400143862955000,5.289955078125,4.079999923706055,33.84000015258789,-30.420000076293945
1766400143903055000,5.33005517578125,3.5999999046325684,34.2599983215332,-29.939998626708984
1766400143913095400,5.340095458984375,3.059999942779541,35.040000915527344,-29.8799991607666
1766400143923135500,5.350135498046875,3.4800000190734863,34.73999786376953,-30.35999870300293
1766400143933175800,5.36017578125,3.119999885559082,34.5,-29.8799991607666
1766400143943185700,5.370185546875,3.059999942779541,34.02000045776367,-29.8799991607666
1766400143953226000,5.38022607421875,3.7799999713897705,33.71999740600586,-30.17999839782715
1766400143963235600,5.390235595703125,4.319999694824219,33.89999771118164,-28.920000076293945
1766400143973306400,5.400306396484375,4.259999752044678,33.36000061035156,-29.219999313354492
1766400144013376000,5.4403759765625,3,34.380001068115234,-29.760000228881836
1766400144023385900,5.4503857421875,3,34.55999755859375,-29.279998779296875
1766400144033395700,5.460395751953125,3.7200000286102295,35.099998474121094,-29.099998474121094
1766400144043435800,5.470435791015625,4.139999866485596,35.63999938964844,-29.279998779296875
1766400144053445600,5.480445556640625,3.359999895095825,35.15999984741211,-29.760000228881836
1766400144063486000,5.49048583984375,3.359999895095825,35.21999740600586,-29.8799991607666
1766400144073495800,5.500495849609375,3.299999952316284,34.97999954223633,-30.53999900817871
1766400144113626400,5.54062646484375,4.319999694824219,34.31999969482422,-29.51999855041504
1766400144123666700,5.550666748046875,5.21999979019165,34.55999755859375,-29.03999900817871
1766400144133676300,5.56067626953125,4.559999942779541,34.68000030517578,-28.439998626708984
1766400144143686100,5.57068603515625,3.9599997997283936,34.86000061035156,-28.079999923706055
1766400144153696000,5.580696044921875,3.8399999141693115,34.97999954223633,-27.899999618530273
1766400144163736000,5.590736083984375,3.359999895095825,34.73999786376953,-28.559999465942383
1766400144173776400,5.6007763671875,2.93999981880188,34.79999923706055,-28.920000076293945
1766400144213907200,5.6409072265625,4.380000114440918,35.040000915527344,-28.19999885559082
1766400144223916800,5.650916748046875,5.099999904632568,34.79999923706055,-28.68000030517578
1766400144233957000,5.66095703125,4.920000076293945,34.380001068115234,-28.68000030517578
1766400144243967000,5.670967041015625,4.380000114440918,34.73999786376953,-28.739999771118164
1766400144253976600,5.6809765625,3.8999998569488525,34.68000030517578,-29.15999984741211
1766400144263986400,5.690986328125,3.240000009536743,34.97999954223633,-28.5
1766400144274026800,5.70102685546875,2.879999876022339,35.21999740600586,-29.399999618530273
1766400144284036400,5.711036376953125,3.059999942779541,34.91999816894531,-29.579999923706055
1766400144324075500,5.751075439453125,4.799999713897705,34.86000061035156,-27.84000015258789
1766400144334115800,5.76111572265625,3.419999837875366,35.459999084472656,-28.079999923706055
1766400144344156200,5.77115625,2.5799999237060547,35.459999084472656,-28.079999923706055
1766400144354165800,5.781165771484375,2.2200000286102295,35.15999984741211,-28.260000228881836
1766400144364175600,5.791175537109375,1.2599999904632568,35.21999740600586,-28.559999465942383
1766400144374216000,5.8012158203125,2.0999999046325684,35.52000045776367,-28.139999389648438
1766400144414285600,5.84128564453125,5.21999979019165,33.89999771118164,-29.459999084472656
1766400144424295200,5.851295166015625,4.319999694824219,34.31999969482422,-29.639999389648438
1766400144434335500,5.86133544921875,3.9599997997283936,33.959999084472656,-29.639999389648438
1766400144444345300,5.871345458984375,3.5399999618530273,34.07999801635742,-29.69999885559082
1766400144454355200,5.881355224609375,3.4800000190734863,34.86000061035156,-29.219999313354492
1766400144464364800,5.89136474609375,3,34.619998931884766,-29.219999313354492
1766400144474435600,5.901435546875,2.5799999237060547,35.39999771118164,-29.15999984741211
1766400144484445400,5.911445556640625,2.4600000381469727,35.39999771118164,-28.920000076293945
1766400144514474800,5.941474853515625,2.4600000381469727,36,-28.739999771118164
1766400144524484400,5.951484375,2.5199999809265137,36.05999755859375,-28.799999237060547
1766400144534494200,5.961494140625,3.359999895095825,36.05999755859375,-28.920000076293945
1766400144544504000,5.971504150390625,3.7799999713897705,35.57999801635742,-28.619998931884766
1766400144554513700,5.981513671875,4.619999885559082,35.279998779296875,-28.85999870300293
1766400144564523500,5.9915234375,5.099999904632568,35.279998779296875,-29.099998474121094
1766400144574563800,6.001563720703125,4.559999942779541,35.34000015258789,-29.399999618530273
1766400144584604200,6.011604248046875,3.7200000286102295,35.459999084472656,-29.459999084472656
1766400144604623600,6.03162353515625,2.93999981880188,35.459999084472656,-28.5
1766400144614664000,6.041663818359375,3.299999952316284,35.39999771118164,-28.439998626708984
1766400144624673800,6.051673828125,3.7799999713897705,35.63999938964844,-28.739999771118164
1766400144634683400,6.061683349609375,3.299999952316284,35.459999084472656,-29.399999618530273
1766400144644693200,6.071693359375,3.419999837875366,35.39999771118164,-28.439998626708984
1766400144654703000,6.081703125,3.359999895095825,35.099998474121094,-28.19999885559082
1766400144664712700,6.091712646484375,3,35.099998474121094,-28.439998626708984
1766400144674722600,6.10172265625,3.240000009536743,35.21999740600586,-28.3799991607666
1766400144684732200,6.111732177734375,3,35.7599983215332,-28.85999870300293
1766400144694742000,6.121741943359375,3.179999828338623,35.939998626708984,-29.51999855041504
1766400144734781200,6.16178125,2.93999981880188,35.34000015258789,-29.15999984741211
1766400144744790800,6.171790771484375,3.6599998474121094,35.34000015258789,-29.399999618530273
1766400144754800600,6.181800537109375,4.259999752044678,35.279998779296875,-29.459999084472656
1766400144764841000,6.191841064453125,4.739999771118164,34.91999816894531,-29.15999984741211
1766400144774850600,6.2018505859375,4.139999866485596,34.73999786376953,-29.099998474121094
1766400144784860400,6.2118603515625,3.6599998474121094,34.86000061035156,-28.619998931884766
1766400144794870300,6.221870361328125,3.4800000190734863,34.79999923706055,-28.439998626708984
1766400144804880000,6.2318798828125,2.879999876022339,35.459999084472656,-28.19999885559082
1766400144844919000,6.2719189453125,4.019999980926514,34.91999816894531,-28.799999237060547
1766400144854959400,6.28195947265625,4.079999923706055,34.91999816894531,-28.85999870300293
1766400144864969200,6.29196923828125,4.019999980926514,35.040000915527344,-28.85999870300293
1766400144875009300,6.30200927734375,3.6599998474121094,35.70000076293945,-28.68000030517578
1766400144885049600,6.312049560546875,3.5999999046325684,35.939998626708984,-28.619998931884766
1766400144895059500,6.3220595703125,3.299999952316284,35.939998626708984,-28.619998931884766
1766400144905099800,6.332099853515625,3.119999885559082,36,-28.559999465942383
1766400144915109400,6.342109375,2.5799999237060547,35.81999969482422,-28.559999465942383
1766400144945199900,6.372199951171875,4.619999885559082,35.939998626708984,-27.599998474121094
1766400144955209500,6.38220947265625,4.980000019073486,35.57999801635742,-27.959999084472656
1766400144965219300,6.39221923828125,5.279999732971191,35.63999938964844,-28.799999237060547
1766400144975229200,6.402229248046875,4.440000057220459,35.099998474121094,-29.099998474121094
1766400144985238800,6.41223876953125,3.8999998569488525,34.86000061035156,-29.760000228881836
1766400144995279000,6.422279052734375,3.8999998569488525,34.73999786376953,-29.15999984741211
1766400145005289000,6.4322890625,3.419999837875366,34.31999969482422,-28.85999870300293
1766400145015329300,6.442329345703125,4.319999694824219,34.380001068115234,-28.439998626708984
1766400145045450000,6.472449951171875,5.21999979019165,35.099998474121094,-28.079999923706055
1766400145055459800,6.4824599609375,4.559999942779541,35.52000045776367,-27.899999618530273
1766400145065500200,6.492500244140625,4.199999809265137,35.34000015258789,-27.959999084472656
1766400145075540500,6.50254052734375,3,35.39999771118164,-28.31999969482422
1766400145085550000,6.512550048828125,2.700000047683716,35.279998779296875,-28.31999969482422
1766400145095590400,6.52259033203125,3.119999885559082,35.040000915527344,-28.439998626708984
1766400145105600300,6.532600341796875,2.819999933242798,35.21999740600586,-28.619998931884766
1766400145115671000,6.542671142578125,2.5799999237060547,35.040000915527344,-28.920000076293945
1766400145125650200,6.552650146484375,2.5799999237060547,34.55999755859375,-28.799999237060547
1766400145155771100,6.582771240234375,5.21999979019165,34.97999954223633,-27.779998779296875
1766400145165780700,6.59278076171875,5.039999961853027,35.099998474121094,-28.260000228881836
1766400145175821000,6.602821044921875,4.199999809265137,35.459999084472656,-28.439998626708984
1766400145185831000,6.612830810546875,3.419999837875366,35.7599983215332,-28.3799991607666
1766400145195840800,6.6228408203125,2.879999876022339,35.34000015258789,-28.799999237060547
1766400145205850400,6.632850341796875,2.5199999809265137,35.21999740600586,-28.799999237060547
1766400145215921200,6.642921142578125,2.759999990463257,34.31999969482422,-28.739999771118164
1766400145225931000,6.652930908203125,3,34.55999755859375,-28.799999237060547
1766400145266031000,6.693031005859375,1.6200000047683716,34.619998931884766,-28.5
1766400145276071400,6.703071533203125,1.0199999809265137,34.31999969482422,-28.979999542236328
1766400145286081000,6.7130810546875,0,34.73999786376953,-29.15999984741211
1766400145296182500,6.7231826171875,0.11999999731779099,35.040000915527344,-28.68000030517578
1766400145306192100,6.733192138671875,0,35.15999984741211,-28.260000228881836
1766400145316202000,6.743201904296875,0.05999999865889549,35.279998779296875,-28.3799991607666
1766400145326242300,6.7532421875,0.7799999713897705,35.57999801635742,-28.01999855041504
1766400145366312000,6.79331201171875,-0.23999999463558197,35.15999984741211,-28.3799991607666
1766400145376321500,6.803321533203125,-0.8999999761581421,35.39999771118164,-28.799999237060547
1766400145386331400,6.813331298828125,-0.5999999642372131,35.279998779296875,-28.799999237060547
1766400145396371700,6.823371826171875,-1.1999999284744263,35.21999740600586,-28.31999969482422
1766400145406381600,6.833381591796875,-1.3199999332427979,35.34000015258789,-28.68000030517578
1766400145416391200,6.84339111328125,-0.8999999761581421,35.939998626708984,-27.719999313354492
1766400145426401000,6.853401123046875,-1.0799999237060547,35.880001068115234,-27.18000030517578
1766400145466470700,6.893470703125,-0.23999999463558197,36.119998931884766,-28.619998931884766
1766400145476510700,6.9035107421875,-1.1399999856948853,36.29999923706055,-28.739999771118164
1766400145486520600,6.9135205078125,-0.11999999731779099,36.119998931884766,-28.139999389648438
1766400145496530400,6.923530517578125,-0.5999999642372131,36.05999755859375,-28.079999923706055
1766400145506540000,6.9335400390625,-0.35999998450279236,36.41999816894531,-27.959999084472656
1766400145516580400,6.943580322265625,0.29999998211860657,36.23999786376953,-27.420000076293945
1766400145526651100,6.953651123046875,0.29999998211860657,36.119998931884766,-27.479999542236328
1766400145536661000,6.963660888671875,0.6599999666213989,36.119998931884766,-27.239999771118164
1766400145566751200,6.993751220703125,-0.23999999463558197,36.29999923706055,-27.719999313354492
1766400145586771000,7.01377099609375,-1.6799999475479126,36.05999755859375,-27.35999870300293
1766400145596811000,7.02381103515625,-1.0199999809265137,36.36000061035156,-26.760000228881836
1766400145606820900,7.03382080078125,0.47999998927116394,36.23999786376953,-27.479999542236328
1766400145616830700,7.043830810546875,0.17999999225139618,36.23999786376953,-27.779998779296875
1766400145626840300,7.05384033203125,0.05999999865889549,36.23999786376953,-28.3799991607666
1766400145636880600,7.063880615234375,0.17999999225139618,35.52000045776367,-28.619998931884766
1766400145646890500,7.073890380859375,-0.7799999713897705,36,-28.5
1766400145686929700,7.1139296875,-0.6599999666213989,36.599998474121094,-27.84000015258789
1766400145697000400,7.12400048828125,-0.5399999618530273,36.71999740600586,-27.479999542236328
1766400145707010000,7.134010009765625,-0.7799999713897705,36.65999984741211,-27.599998474121094
1766400145717020000,7.14402001953125,-0.41999998688697815,35.70000076293945,-27.599998474121094
1766400145727029800,7.15402978515625,-0.41999998688697815,35.939998626708984,-27.18000030517578
1766400145737039400,7.164039306640625,-0.41999998688697815,35.39999771118164,-27.479999542236328
1766400145747049200,7.17404931640625,-0.5999999642372131,35.7599983215332,-27.65999984741211
1766400145757058800,7.184058837890625,-1.4399999380111694,36.84000015258789,-27.719999313354492
1766400145787088100,7.214088134765625,0.5399999618530273,37.07999801635742,-27.059999465942383
1766400145807107800,7.23410791015625,0.6599999666213989,36,-27.119998931884766
1766400145817117400,7.244117431640625,-0.17999999225139618,36.119998931884766,-27.239999771118164
1766400145837137200,7.26413720703125,-1.5,36.29999923706055,-27.35999870300293
1766400145847146800,7.274146728515625,-1.8600000143051147,36.540000915527344,-27.420000076293945
1766400145867227400,7.294227294921875,-2.4600000381469727,36.779998779296875,-27.18000030517578
1766400145897287200,7.324287109375,-3.8999998569488525,35.099998474121094,-28.920000076293945
1766400145907297000,7.334297119140625,-4.679999828338623,35.34000015258789,-28.5
1766400145917337300,7.34433740234375,-4.380000114440918,34.79999923706055,-27.65999984741211
1766400145927377700,7.354377685546875,-5.699999809265137,35.21999740600586,-27.420000076293945
1766400145937387300,7.36438720703125,-5.519999980926514,36,-27.18000030517578
1766400145947427600,7.374427490234375,-5.460000038146973,35.880001068115234,-27.18000030517578
1766400145967447000,7.394447021484375,-5.579999923706055,36.23999786376953,-27.599998474121094
1766400145987497200,7.414497314453125,-6.539999961853027,34.79999923706055,-28.260000228881836
1766400145997537500,7.42453759765625,-6.899999618530273,34.5,-28.5
1766400146007516700,7.4345166015625,-7.079999923706055,35.34000015258789,-28.139999389648438
1766400146017526500,7.444526611328125,-7.5,35.39999771118164,-27.599998474121094
1766400146027536100,7.4545361328125,-7.559999942779541,36.23999786376953,-27.35999870300293
1766400146037546000,7.4645458984375,-7.739999771118164,36,-27.059999465942383
1766400146047525000,7.474525146484375,-7.37999963760376,36.119998931884766,-27.119998931884766
1766400146057535000,7.484534912109375,-6.359999656677246,36.23999786376953,-27.35999870300293
1766400146067544800,7.494544921875,-5.400000095367432,35.81999969482422,-27
1766400146107645000,7.53464501953125,-5.639999866485596,36.18000030517578,-26.69999885559082
1766400146127694800,7.55469482421875,-5.039999961853027,36.29999923706055,-27.35999870300293
1766400146137735200,7.564735107421875,-4.559999942779541,36.29999923706055,-27.779998779296875
1766400146147775500,7.574775390625,-4.920000076293945,36.84000015258789,-27.119998931884766
1766400146157785300,7.584785400390625,-4.559999942779541,36.84000015258789,-27.239999771118164
1766400146177835300,7.604835205078125,-4.259999752044678,37.02000045776367,-27.059999465942383
1766400146207895000,7.63489501953125,-4.559999942779541,35.63999938964844,-27
1766400146217905000,7.64490478515625,-5.159999847412109,35.15999984741211,-27.719999313354492
1766400146227945200,7.6549453125,-5.460000038146973,35.459999084472656,-28.139999389648438
1766400146237985500,7.664985595703125,-5.159999847412109,35.34000015258789,-28.68000030517578
1766400146247964700,7.674964599609375,-4.679999828338623,36.36000061035156,-28.079999923706055
1766400146278024400,7.7050244140625,-3.119999885559082,36.959999084472656,-26.8799991607666
1766400146288034300,7.715034423828125,-3.7799999713897705,36.29999923706055,-27.18000030517578
1766400146308053800,7.7350537109375,-4.440000057220459,36.540000915527344,-26.579999923706055
1766400146318124500,7.74512451171875,-5.099999904632568,36.71999740600586,-26.8799991607666
1766400146328104000,7.75510400390625,-5.21999979019165,37.13999938964844,-26.459999084472656
1766400146338144300,7.765144287109375,-5.21999979019165,36.65999984741211,-27.059999465942383
1766400146348153900,7.77515380859375,-4.980000019073486,36.47999954223633,-27.599998474121094
1766400146358224600,7.785224609375,-4.380000114440918,36.71999740600586,-27
1766400146388254000,7.81525390625,-3.5999999046325684,36.540000915527344,-25.85999870300293
1766400146408273400,7.8352734375,-4.5,36.84000015258789,-27.239999771118164
1766400146418313700,7.845313720703125,-4.559999942779541,37.02000045776367,-27.65999984741211
1766400146428323600,7.855323486328125,-4.019999980926514,36.47999954223633,-27.84000015258789
1766400146438333400,7.86533349609375,-3.179999828338623,36.23999786376953,-27.479999542236328
1766400146448343000,7.875343017578125,-3.5399999618530273,35.7599983215332,-27.420000076293945
1766400146458353000,7.885352783203125,-4.019999980926514,35.34000015258789,-27.299999237060547
1766400146468362800,7.89536279296875,-5.279999732971191,35.39999771118164,-27.299999237060547
1766400146478402800,7.90540283203125,-5.699999809265137,35.21999740600586,-27.239999771118164
1766400146528512800,7.9555126953125,-3.5399999618530273,36.71999740600586,-27.53999900817871
1766400146538522600,7.965522705078125,-3.419999837875366,36.18000030517578,-28.139999389648438
1766400146548532200,7.9755322265625,-3.7200000286102295,35.63999938964844,-27.719999313354492
1766400146558542000,7.9855419921875,-3.7200000286102295,35.7599983215332,-27.479999542236328
1766400146568552000,7.995552001953125,-4.5,35.939998626708984,-27.059999465942383
1766400146578592300,8.00559228515625,-4.619999885559082,36.05999755859375,-27.18000030517578
1766400146608652000,8.035652099609376,-3.7799999713897705,36.41999816894531,-28.079999923706055
1766400146618722800,8.045722900390626,-4.199999809265137,36.84000015258789,-27.959999084472656
1766400146628732400,8.055732421875,-3.7799999713897705,36.540000915527344,-27.53999900817871
1766400146638772700,8.065772705078125,-3.7799999713897705,36.29999923706055,-27.779998779296875
1766400146648782600,8.075782470703125,-3.7799999713897705,36.29999923706055,-27.479999542236328
1766400146658792400,8.08579248046875,-3.359999895095825,36.05999755859375,-27.599998474121094
1766400146668802000,8.095802001953125,-3.059999942779541,36.41999816894531,-27.35999870300293
1766400146688821500,8.115821533203125,-3.059999942779541,36.71999740600586,-27.35999870300293
1766400146728891100,8.15589111328125,-3.9599997997283936,37.68000030517578,-27.65999984741211
1766400146738931500,8.165931396484375,-4.559999942779541,37.55999755859375,-27.84000015258789
1766400146748880100,8.175880126953125,-4.380000114440918,37.619998931884766,-27.420000076293945
1766400146758920400,8.18592041015625,-3.6599998474121094,37.31999969482422,-26.939998626708984
1766400146768930300,8.195930419921876,-4.019999980926514,37.13999938964844,-27
1766400146788949800,8.21594970703125,-3.7200000286102295,36.18000030517578,-27.35999870300293
1766400146829080300,8.256080322265625,-3.6599998474121094,37.5,-26.51999855041504
1766400146839120600,8.26612060546875,-4.380000114440918,37.380001068115234,-27.059999465942383
1766400146849161000,8.276160888671875,-4.199999809265137,37.07999801635742,-26.939998626708984
1766400146859170800,8.2861708984375,-3.299999952316284,37.02000045776367,-26.399999618530273
1766400146869150000,8.29614990234375,-3.179999828338623,37.07999801635742,-26.219999313354492
1766400146879220700,8.306220703125,-2.6399998664855957,37.07999801635742,-25.799999237060547
1766400146889230600,8.316230712890626,-2.819999933242798,36.959999084472656,-25.85999870300293
1766400146899240400,8.326240478515626,-2.879999876022339,36.47999954223633,-26.15999984741211
1766400146929300200,8.35630029296875,-3.179999828338623,36.41999816894531,-27.35999870300293
1766400146939340500,8.366340576171876,-3.5999999046325684,36.29999923706055,-27.779998779296875
1766400146949350100,8.37635009765625,-3.5999999046325684,36.18000030517578,-27.899999618530273
1766400146959360000,8.386360107421876,-4.079999923706055,36.41999816894531,-27.479999542236328
1766400146969369600,8.39636962890625,-4.199999809265137,36.540000915527344,-27.420000076293945
1766400146979410000,8.406409912109375,-3.7200000286102295,37.13999938964844,-27
1766400146989419800,8.416419677734375,-3.6599998474121094,37.55999755859375,-26.279998779296875
1766400147019479600,8.4464794921875,-1.2599999904632568,36.41999816894531,-25.85999870300293
1766400147049508900,8.4765087890625,-2.2200000286102295,37.13999938964844,-27.479999542236328
1766400147059518700,8.486518798828126,-3.359999895095825,37.439998626708984,-27.899999618530273
1766400147069528300,8.4965283203125,-2.759999990463257,37.439998626708984,-27.53999900817871
1766400147079568600,8.506568603515625,-3.299999952316284,37.55999755859375,-27.059999465942383
1766400147089578500,8.51657861328125,-3.179999828338623,37.68000030517578,-26.639999389648438
1766400147099588400,8.52658837890625,-2.1599998474121094,37.2599983215332,-26.34000015258789
1766400147129709000,8.556708984375,-1.5,36,-27.420000076293945
1766400147149759200,8.57675927734375,-2.5199999809265137,37.31999969482422,-27
1766400147159799300,8.58679931640625,-2.700000047683716,36.779998779296875,-27.35999870300293
1766400147169809200,8.59680908203125,-3.5399999618530273,36.65999984741211,-27.239999771118164
1766400147179849500,8.606849365234375,-2.879999876022339,36,-26.760000228881836
1766400147189859300,8.616859375,-2.93999981880188,36,-27.420000076293945
1766400147199899400,8.6268994140625,-3,36.18000030517578,-27.35999870300293
1766400147209909200,8.6369091796875,-2.2200000286102295,36.540000915527344,-27.53999900817871
1766400147229898200,8.656898193359375,-1.7999999523162842,36.71999740600586,-27.65999984741211
1766400147239969000,8.666968994140625,-1.0199999809265137,36.84000015258789,-26.81999969482422
1766400147249979000,8.676978759765625,-0.7199999690055847,36.779998779296875,-27
1766400147259988700,8.68698876953125,-1.3799999952316284,37.13999938964844,-27.119998931884766
1766400147269998300,8.696998291015625,-1.559999942779541,37.02000045776367,-27
1766400147280069000,8.707069091796875,-2.2200000286102295,36.36000061035156,-28.139999389648438
1766400147290079000,8.717078857421875,-2.759999990463257,36.779998779296875,-27.53999900817871
1766400147300180200,8.72718017578125,-2.2200000286102295,36.599998474121094,-27.119998931884766
1766400147330240000,8.757239990234375,-0.35999998450279236,36.05999755859375,-27.239999771118164
1766400147340280300,8.7672802734375,-0.8999999761581421,36.36000061035156,-27.65999984741211
1766400147350290200,8.777290283203126,-1.6799999475479126,36.65999984741211,-27.899999618530273
1766400147360330500,8.78733056640625,-1.3199999332427979,36.540000915527344,-28.439998626708984
1766400147370370800,8.797370849609376,-2.0999999046325684,36.84000015258789,-28.260000228881836
1766400147380411000,8.807410888671875,-1.9799998998641968,37.380001068115234,-27.53999900817871
1766400147390420700,8.817420654296875,-2.1599998474121094,37.68000030517578,-27.239999771118164
1766400147400522000,8.82752197265625,-2.879999876022339,37.79999923706055,-27.299999237060547
1766400147410531800,8.83753173828125,-2.700000047683716,37.439998626708984,-27.119998931884766
1766400147420572200,8.847572265625,-2.1599998474121094,36.29999923706055,-27.119998931884766
1766400147450601500,8.8776015625,-1.0199999809265137,36,-26.51999855041504
1766400147460611000,8.887611083984375,-1.7400000095367432,36.65999984741211,-26.8799991607666
1766400147470621000,8.897620849609375,-2.1599998474121094,36.41999816894531,-27.420000076293945
1766400147480661200,8.9076611328125,-3.299999952316284,36.18000030517578,-27.959999084472656
1766400147490671000,8.917671142578126,-1.7999999523162842,36.36000061035156,-28.139999389648438
1766400147500680700,8.9276806640625,-0.8399999737739563,36.05999755859375,-27.65999984741211
1766400147510690600,8.937690673828126,-0.17999999225139618,36.18000030517578,-27.299999237060547
1766400147540780800,8.96778076171875,-1.4399999380111694,36.18000030517578,-27.899999618530273
1766400147550821000,8.977821044921875,-2.3399999141693115,36.41999816894531,-27.959999084472656
1766400147560831000,8.9878310546875,-2.0399999618530273,36.36000061035156,-27.599998474121094
1766400147570840600,8.997840576171875,-1.9799998998641968,36.41999816894531,-27.65999984741211
1766400147580881000,9.007880859375,-1.7999999523162842,36.599998474121094,-27.599998474121094
1766400147590921200,9.017921142578125,-1.1999999284744263,37.13999938964844,-27.35999870300293
1766400147600992000,9.027991943359375,-1.6799999475479126,37.20000076293945,-27.479999542236328
1766400147611001900,9.038001953125,-1.1999999284744263,37.20000076293945,-27.420000076293945
1766400147621011500,9.048011474609375,-0.8399999737739563,37.55999755859375,-27.479999542236328
1766400147661111600,9.088111572265625,-1.559999942779541,36.47999954223633,-27.239999771118164
1766400147671121400,9.098121337890625,-2.3999998569488525,36.36000061035156,-27.599998474121094
1766400147681161700,9.10816162109375,-2.759999990463257,36.29999923706055,-27.899999618530273
1766400147691171600,9.118171630859376,-2.3999998569488525,36.540000915527344,-28.079999923706055
1766400147701211600,9.128211669921875,-0.9599999785423279,36.36000061035156,-28.139999389648438
1766400147711221500,9.138221435546875,-1.3799999952316284,36.23999786376953,-28.01999855041504
1766400147721261800,9.14826171875,-1.4399999380111694,36.23999786376953,-27.479999542236328
1766400147731302100,9.15830224609375,-1.559999942779541,36.47999954223633,-26.459999084472656
1766400147771402200,9.19840234375,-2.879999876022339,37.5,-26.939998626708984
1766400147781442600,9.208442626953126,-2.759999990463257,37.73999786376953,-26.760000228881836
1766400147791452200,9.2184521484375,-2.1599998474121094,37.73999786376953,-26.81999969482422
1766400147801523000,9.22852294921875,-1.559999942779541,37.13999938964844,-27.299999237060547
1766400147811532800,9.23853271484375,-0.41999998688697815,36.65999984741211,-27.059999465942383
1766400147821573000,9.248572998046875,-0.05999999865889549,36.29999923706055,-26.939998626708984
1766400147831583000,9.2585830078125,-0.29999998211860657,35.880001068115234,-27.35999870300293
1766400147841653800,9.26865380859375,-1.0199999809265137,36.36000061035156,-27.420000076293945
1766400147871744000,9.298743896484375,-2.3399999141693115,37.07999801635742,-27.599998474121094
1766400147881784300,9.308784423828126,-1.8600000143051147,36.23999786376953,-27.65999984741211
1766400147891794000,9.3187939453125,-1.2599999904632568,36.540000915527344,-27.53999900817871
1766400147901865000,9.328864990234376,-0.7199999690055847,37.07999801635742,-27.599998474121094
1766400147911905000,9.338905029296875,-1.4399999380111694,36.959999084472656,-27.899999618530273
1766400147921915000,9.348914794921875,-1.6799999475479126,37.68000030517578,-27.779998779296875
1766400147931955200,9.358955078125,-1.7400000095367432,37.13999938964844,-27.119998931884766
1766400147941995500,9.36899560546875,-2.3399999141693115,36.599998474121094,-26.81999969482422
1766400147962106600,9.389106689453126,-2.0399999618530273,37.02000045776367,-26.639999389648438
1766400147972116200,9.3991162109375,-1.9799998998641968,37.2599983215332,-27.059999465942383
1766400147982187000,9.40918701171875,-1.1399999856948853,37.07999801635742,-26.939998626708984
1766400147992196900,9.41919677734375,-0.35999998450279236,36.84000015258789,-26.34000015258789
1766400148002267600,9.429267578125,-0.7199999690055847,36.41999816894531,-26.939998626708984
1766400148012308000,9.439307861328125,-1.4399999380111694,36,-27.239999771118164
1766400148022317800,9.44931787109375,-1.559999942779541,36.18000030517578,-27.420000076293945
1766400148032358000,9.45935791015625,-2.5199999809265137,36.36000061035156,-27.599998474121094
1766400148042398200,9.469398193359375,-2.0399999618530273,36.599998474121094,-27.299999237060547
1766400148062478800,9.489478759765625,-1.7400000095367432,36.65999984741211,-27.719999313354492
1766400148092538600,9.51953857421875,0.17999999225139618,36.119998931884766,-27.84000015258789
1766400148122629000,9.549629150390626,-1.3199999332427979,37.02000045776367,-27.35999870300293
1766400148142679000,9.569678955078125,-1.5,36.29999923706055,-27.65999984741211
1766400148152689000,9.57968896484375,-0.9599999785423279,36,-27.18000030517578
1766400148172708400,9.599708251953125,-0.05999999865889549,36.18000030517578,-26.579999923706055
1766400148182748700,9.609748779296876,0.41999998688697815,36.65999984741211,-26.69999885559082
1766400148192789000,9.6197890625,-0.11999999731779099,36.959999084472656,-27.420000076293945
1766400148202829300,9.629829345703126,-1.0799999237060547,37.31999969482422,-27
1766400148212808400,9.639808349609375,-1.6799999475479126,37.5,-26.939998626708984
1766400148222848800,9.649848876953126,-2.6399998664855957,37.86000061035156,-26.279998779296875
1766400148232858400,9.6598583984375,-2.3999998569488525,38.040000915527344,-25.739999771118164
1766400148242898700,9.669898681640625,-2.0399999618530273,38.040000915527344,-25.920000076293945
1766400148252908500,9.679908447265625,-2.0399999618530273,38.040000915527344,-26.219999313354492
1766400148262918400,9.68991845703125,-2.3399999141693115,37.619998931884766,-26.459999084472656
1766400148272928000,9.699927978515625,-2.5199999809265137,36.89999771118164,-26.8799991607666
1766400148293008600,9.720008544921875,-1.4399999380111694,36.84000015258789,-26.639999389648438
1766400148303049000,9.730049072265626,-1.1399999856948853,36.47999954223633,-27.119998931884766
1766400148313058800,9.740058837890626,-1.0199999809265137,36.47999954223633,-26.81999969482422
1766400148323099000,9.750098876953125,-0.8999999761581421,36,-27.059999465942383
1766400148333169700,9.760169677734375,-1.6799999475479126,35.7599983215332,-27.479999542236328
1766400148343179500,9.770179443359375,-2.2200000286102295,36.119998931884766,-26.8799991607666
1766400148353189400,9.780189453125,-2.2799999713897705,36.41999816894531,-26.81999969482422
1766400148363199000,9.790198974609375,-3.299999952316284,37.20000076293945,-27.059999465942383
1766400148413369900,9.840369873046875,-2.819999933242798,37.20000076293945,-27.18000030517578
1766400148423410200,9.85041015625,-2.4600000381469727,37.5,-26.939998626708984
1766400148433420000,9.860419921875,-1.9799998998641968,37.439998626708984,-26.81999969482422
1766400148443460400,9.87046044921875,-1.8600000143051147,37.20000076293945,-26.81999969482422
1766400148453470000,9.880469970703125,-1.559999942779541,37.13999938964844,-26.51999855041504
1766400148463541000,9.890541015625,-1.5,36.959999084472656,-26.579999923706055
1766400148473550600,9.900550537109375,-1.8600000143051147,36.599998474121094,-27.119998931884766
1766400148483591000,9.9105908203125,-2.2200000286102295,36.599998474121094,-27.119998931884766
1766400148523721500,9.950721435546875,-0.35999998450279236,37.55999755859375,-26.639999389648438
1766400148533731300,9.9607314453125,-0.9599999785423279,37.31999969482422,-26.939998626708984
1766400148543771600,9.970771728515626,-1.3799999952316284,37.13999938964844,-27
1766400148553781200,9.98078125,-1.4399999380111694,36.47999954223633,-27.299999237060547
1766400148563821600,9.990821533203125,-2.0999999046325684,36.599998474121094,-27.299999237060547
1766400148573831400,10.00083154296875,-1.559999942779541,36.23999786376953,-26.760000228881836
1766400148603952000,10.0309521484375,-2.5799999237060547,36.540000915527344,-27
1766400148624002300,10.051002197265625,-1.9799998998641968,36.599998474121094,-26.81999969482422
1766400148644052200,10.07105224609375,-1.0199999809265137,36.29999923706055,-26.219999313354492
1766400148654062000,10.08106201171875,-1.559999942779541,36.84000015258789,-26.279998779296875
1766400148664072000,10.091072021484376,-2.0999999046325684,37.20000076293945,-25.85999870300293
1766400148674112300,10.1011123046875,-2.759999990463257,36.779998779296875,-25.920000076293945
1766400148704263400,10.131263427734375,-0.5399999618530273,37.07999801635742,-26.099998474121094
1766400148714303700,10.1413037109375,-0.41999998688697815,37.2599983215332,-26.15999984741211
1766400148724313600,10.151313720703126,-1.3799999952316284,37.2599983215332,-26.279998779296875
1766400148734354000,10.16135400390625,-1.3199999332427979,37.07999801635742,-25.799999237060547
1766400148744363500,10.171363525390625,-1.6799999475479126,37.2599983215332,-26.279998779296875
1766400148754403800,10.18140380859375,-2.0999999046325684,36.779998779296875,-26.399999618530273
1766400148764444200,10.191444091796875,-2.2799999713897705,36.779998779296875,-26.69999885559082
1766400148774423600,10.201423583984376,-2.3999998569488525,36.599998474121094,-27.119998931884766
1766400148804483300,10.2314833984375,-1.5,36.41999816894531,-27
1766400148844552700,10.271552734375,-0.8999999761581421,36.89999771118164,-26.34000015258789
1766400148854593000,10.281593017578125,-1.2599999904632568,37.20000076293945,-26.099998474121094
1766400148864603000,10.291602783203125,-1.7400000095367432,37.07999801635742,-26.34000015258789
1766400148874643200,10.301643310546876,-1.8600000143051147,37.439998626708984,-26.15999984741211
1766400148884683500,10.31168359375,-1.6799999475479126,36.41999816894531,-26.579999923706055
1766400148914773800,10.341773681640625,-1.0199999809265137,36.71999740600586,-26.8799991607666
1766400148924783600,10.35178369140625,-0.8399999737739563,37.5,-26.639999389648438
1766400148934824000,10.361823974609376,-0.11999999731779099,37.02000045776367,-26.81999969482422
1766400148944864000,10.371864013671875,0.17999999225139618,37.13999938964844,-26.279998779296875
1766400148954873900,10.381873779296875,0,36.119998931884766,-27.059999465942383
1766400148964914200,10.3919140625,-0.35999998450279236,36.18000030517578,-27.18000030517578
1766400148974924000,10.401924072265626,-0.9599999785423279,36.23999786376953,-26.69999885559082
